PitchNo,Date,Time,Pitcher,PitcherId,PitcherThrows,PitcherTeam,PitcherSet,TaggedPitchType,PitchSession,Flag,RelSpeed,VertRelAngle,HorzRelAngle,SpinRate,SpinAxis,Tilt,RelHeight,RelSide,Extension,VertBreak,InducedVertBreak,HorzBreak,PlateLocHeight,PlateLocSide,ZoneSpeed,VertApprAngle,HorzApprAngle,ZoneTime,pfxx,pfxz,x0,y0,z0,vx0,vy0,vz0,ax0,ay0,az0,PlayID,CalibrationId,EffVelocity,PracticeType,Device,Direction,BatterId,Batter,HitSpinRate,HitType,ExitSpeed,BatterSide,Angle,PositionAt110X,PositionAt110Y,PositionAt110Z,Distance,LastTrackedDistance,HangTime,Bearing,ContactPositionX,ContactPositionY,ContactPositionZ,SpinAxis3dTransverseAngle,SpinAxis3dLongitudinalAngle,SpinAxis3dActiveSpinRate,SpinAxis3dSpinEfficiency,SpinAxis3dTilt,PAofInning,PitchofPA,BatterTeam,Inning,Top/Bottom,Outs,Balls,Strikes,AutoPitchType,PitchCall,KorBB,TaggedHitType,PlayResult,OutsOnPlay,RunsScored,Notes,HomeTeam,AwayTeam,Stadium,Level,League,GameID,PitchUID,EffectiveVelo,MaxHeight,MeasuredDuration,SpeedDrop,PitchLastMeasuredX,PitchLastMeasuredY,PitchLastMeasuredZ,GameUID,UTCDate,UTCTime,LocalDateTime,UTCDateTime,AutoHitType,System,HomeTeamForeignID,AwayTeamForeignID,GameForeignID,Catcher,CatcherId,CatcherThrows,CatcherTeam,PitchTrajectoryXc0,PitchTrajectoryXc1,PitchTrajectoryXc2,PitchTrajectoryYc0,PitchTrajectoryYc1,PitchTrajectoryYc2,PitchTrajectoryZc0,PitchTrajectoryZc1,PitchTrajectoryZc2,HitSpinAxis,HitTrajectoryXc0,HitTrajectoryXc1,HitTrajectoryXc2,HitTrajectoryXc3,HitTrajectoryXc4,HitTrajectoryXc5,HitTrajectoryXc6,HitTrajectoryXc7,HitTrajectoryXc8,HitTrajectoryYc0,HitTrajectoryYc1,HitTrajectoryYc2,HitTrajectoryYc3,HitTrajectoryYc4,HitTrajectoryYc5,HitTrajectoryYc6,HitTrajectoryYc7,HitTrajectoryYc8,HitTrajectoryZc0,HitTrajectoryZc1,HitTrajectoryZc2,HitTrajectoryZc3,HitTrajectoryZc4,HitTrajectoryZc5,HitTrajectoryZc6,HitTrajectoryZc7,HitTrajectoryZc8,ThrowSpeed,PopTime,ExchangeTime,TimeToBase,CatchPositionX,CatchPositionY,CatchPositionZ,ThrowPositionX,ThrowPositionY,ThrowPositionZ,BasePositionX,BasePositionY,BasePositionZ,ThrowTrajectoryXc0,ThrowTrajectoryXc1,ThrowTrajectoryXc2,ThrowTrajectoryYc0,ThrowTrajectoryYc1,ThrowTrajectoryYc2,ThrowTrajectoryZc0,ThrowTrajectoryZc1,ThrowTrajectoryZc2,PitchReleaseConfidence,PitchLocationConfidence,PitchMovementConfidence,HitLaunchConfidence,HitLandingConfidence,CatcherThrowCatchConfidence,CatcherThrowReleaseConfidence,CatcherThrowLocationConfidence
1,2025-10-05,15:32:51,"Douthat, Jim",1000456583,Left,VIR_KEY,Undefined,Fastball,NA,NA,78.74006,4.89029,4.536366,2386.753993,93.719448,09:00:00,3.05113,-3.36061,4.53383,-45.79522,1.67347,-5.27059,3.91734,0.52869,72.25771,-3.31583,3.62118,0.495878,3.64977,0.04673,2.89202,50,3.52027,-8.78109,-113.5727,8.01308,4.82931,18.25692,-32.11223,4d34427e-db95-41b2-8902-9ba30c9e30e1,NA,NA,NA,NA,NA,10082688,"Cardone, Benjamin",NA,NA,NA,Right,NA,NA,NA,NA,NA,NA,NA,NA,NA,NA,NA,NA,NA,NA,NA,NA,1,1,VIR_KEY,1,Bottom,0,0,0,Slider,BallCalled,Undefined,Undefined,Undefined,0,0,NA,VIR_KEY,VIR_KEY,GrayMinorStadium,TeamExclusive,Team,20251005-GrayMinorStadium-Private-2,159d1810-a222-11f0-abbe-534ebe2a5eb0,76.01148,NA,NA,6.48235,NA,NA,NA,99557737-5fc5-48bd-a8f0-1ce0e5d8ac26,2025-10-05,19:32:51,2025-10-05T19:32:51Z,2025-10-05T19:32:51Z,NA,v3,471480,471480,NA,"Slater, Will",10088614,Right,VIR_KEY,55.96591,-114.52771,9.12846,3.05717,9.69285,-16.05612,3.35797,-9.0337,2.41466,NA,NA,NA,NA,NA,NA,NA,NA,NA,NA,NA,NA,NA,NA,NA,NA,NA,NA,NA,NA,NA,NA,NA,NA,NA,NA,NA,NA,NA,NA,NA,NA,NA,NA,NA,NA,NA,NA,NA,NA,NA,NA,NA,NA,NA,NA,NA,NA,NA,NA,High,High,High,NA,NA,NA,NA,NA
2,2025-10-05,15:33:05,"Douthat, Jim",1000456583,Left,VIR_KEY,Undefined,Fastball,NA,NA,77.98226,5.232417,5.934007,2366.117444,89.595622,09:00:00,2.75615,-3.49671,4.59913,-47.54896,1.49122,-8.09961,3.81077,1.4921,70.73374,-3.306416,4.531746,0.50402,5.52166,-0.19882,2.89063,50,3.25612,-11.2912,-112.03378,8.54685,7.03597,19.7515,-32.4274,ffa53795-e20a-4e38-a609-ac7b86fa6369,NA,NA,NA,NA,NA,10082688,"Cardone, Benjamin",NA,NA,NA,Right,NA,NA,NA,NA,NA,NA,NA,NA,NA,NA,NA,NA,NA,NA,NA,NA,1,2,VIR_KEY,1,Bottom,0,1,0,Slider,BallCalled,Undefined,Undefined,Undefined,0,0,NA,VIR_KEY,VIR_KEY,GrayMinorStadium,TeamExclusive,Team,20251005-GrayMinorStadium-Private-2,1dcae7b0-a222-11f0-abbe-534ebe2a5eb0,74.78367,NA,NA,7.24852,NA,NA,NA,99557737-5fc5-48bd-a8f0-1ce0e5d8ac26,2025-10-05,19:33:05,2025-10-05T19:33:05Z,2025-10-05T19:33:05Z,NA,v3,471480,471480,NA,"Slater, Will",10088614,Right,VIR_KEY,55.89875,-113.06894,9.87575,2.76365,10.24635,-16.2137,3.49206,-11.65995,3.51799,NA,NA,NA,NA,NA,NA,NA,NA,NA,NA,NA,NA,NA,NA,NA,NA,NA,NA,NA,NA,NA,NA,NA,NA,NA,NA,NA,NA,NA,NA,NA,NA,NA,NA,NA,NA,NA,NA,NA,NA,NA,NA,NA,NA,NA,NA,NA,NA,NA,NA,High,High,High,NA,NA,NA,NA,NA
3,2025-10-05,15:33:20,"Douthat, Jim",1000456583,Left,VIR_KEY,Undefined,Fastball,NA,NA,77.84305,5.382969,4.070691,2438.262418,72.674715,08:30:00,2.72693,-3.51133,4.50755,-49.12243,-0.1328,-5.19626,3.7896,-0.05989,70.87362,-3.427938,3.168153,0.50376,3.57717,-1.00598,3.08966,50,3.24671,-7.75455,-112.1574,8.73919,4.58113,19.25987,-33.46237,c7f2b183-f269-4442-bd05-1fb040faecd9,NA,NA,NA,NA,NA,10082688,"Cardone, Benjamin",NA,NA,NA,Right,NA,NA,NA,NA,NA,NA,NA,NA,NA,NA,NA,NA,NA,NA,NA,NA,1,3,VIR_KEY,1,Bottom,0,2,0,Curveball,BallCalled,Undefined,Undefined,Undefined,0,0,NA,VIR_KEY,VIR_KEY,GrayMinorStadium,TeamExclusive,Team,20251005-GrayMinorStadium-Private-2,26c3cf80-a222-11f0-abbe-534ebe2a5eb0,74.82226,NA,NA,6.96943,NA,NA,NA,99557737-5fc5-48bd-a8f0-1ce0e5d8ac26,2025-10-05,19:33:20,2025-10-05T19:33:20Z,2025-10-05T19:33:20Z,NA,v3,471480,471480,NA,"Slater, Will",10088614,Right,VIR_KEY,55.9912,-113.18155,9.62993,2.73469,10.51855,-16.73118,3.50849,-7.99815,2.29056,NA,NA,NA,NA,NA,NA,NA,NA,NA,NA,NA,NA,NA,NA,NA,NA,NA,NA,NA,NA,NA,NA,NA,NA,NA,NA,NA,NA,NA,NA,NA,NA,NA,NA,NA,NA,NA,NA,NA,NA,NA,NA,NA,NA,NA,NA,NA,NA,NA,NA,High,High,High,NA,NA,NA,NA,NA
4,2025-10-05,15:33:39,"Douthat, Jim",1000456583,Left,VIR_KEY,Undefined,Fastball,NA,NA,78.15945,2.970324,3.971137,2388.729963,80.452117,08:45:00,2.78549,-3.28008,4.5205,-47.55963,0.97858,-3.4204,1.66053,0.22314,71.21447,-5.585402,3.375661,0.501434,2.76752,0.12709,2.86797,50,3.05177,-7.68767,-112.89509,4.07611,3.56968,20.6627,-32.01012,589ef0a4-5283-4c5e-8dbc-e27f8d7e1fa6,NA,NA,NA,NA,NA,10082688,"Cardone, Benjamin",NA,NA,NA,Right,NA,NA,NA,NA,NA,NA,NA,NA,NA,NA,NA,NA,NA,NA,NA,NA,1,4,VIR_KEY,1,Bottom,0,3,0,Curveball,StrikeCalled,Undefined,Undefined,Undefined,0,0,NA,VIR_KEY,VIR_KEY,GrayMinorStadium,TeamExclusive,Team,20251005-GrayMinorStadium-Private-2,31df4930-a222-11f0-abbe-534ebe2a5eb0,75.16936,NA,NA,6.94498,NA,NA,NA,99557737-5fc5-48bd-a8f0-1ce0e5d8ac26,2025-10-05,19:33:39,2025-10-05T19:33:39Z,2025-10-05T19:33:39Z,NA,v3,471480,471480,NA,"Slater, Will",10088614,Right,VIR_KEY,55.97747,-113.98386,10.33135,2.79255,5.76282,-16.00506,3.27801,-7.87577,1.78484,NA,NA,NA,NA,NA,NA,NA,NA,NA,NA,NA,NA,NA,NA,NA,NA,NA,NA,NA,NA,NA,NA,NA,NA,NA,NA,NA,NA,NA,NA,NA,NA,NA,NA,NA,NA,NA,NA,NA,NA,NA,NA,NA,NA,NA,NA,NA,NA,NA,NA,High,High,High,NA,NA,NA,NA,NA
5,2025-10-05,15:33:55,"Douthat, Jim",1000456583,Left,VIR_KEY,Undefined,Fastball,NA,NA,79.16727,4.197001,4.377118,2391.184307,73.505282,08:30:00,2.83395,-3.18673,4.64107,-47.37873,0.32118,-4.53658,2.89303,0.60297,71.25347,-4.365682,3.58705,0.497084,3.57343,-0.70138,2.74223,50,3.22231,-8.53324,-114.05039,6.62387,4.65704,23.04153,-33.0881,1a4b0d1a-dd19-4b25-99a1-2d0553e3fcec,NA,NA,NA,NA,NA,10082688,"Cardone, Benjamin",NA,NA,NA,Right,NA,NA,NA,NA,NA,NA,NA,NA,NA,NA,NA,NA,NA,NA,NA,NA,1,5,VIR_KEY,1,Bottom,0,3,1,Slider,FoulBallNotFieldable,Undefined,Undefined,Undefined,0,0,NA,VIR_KEY,VIR_KEY,GrayMinorStadium,TeamExclusive,Team,20251005-GrayMinorStadium-Private-2,3ba37040-a222-11f0-abbe-534ebe2a5eb0,75.82704,NA,NA,7.9138,NA,NA,NA,99557737-5fc5-48bd-a8f0-1ce0e5d8ac26,2025-10-05,19:33:55,2025-10-05T19:33:55Z,2025-10-05T19:33:55Z,NA,v3,471480,471480,NA,"Slater, Will",10088614,Right,VIR_KEY,55.85701,-115.2276,11.52076,2.84071,8.31437,-16.54405,3.1842800000000002,-8.77116,2.32852,NA,NA,NA,NA,NA,NA,NA,NA,NA,NA,NA,NA,NA,NA,NA,NA,NA,NA,NA,NA,NA,NA,NA,NA,NA,NA,NA,NA,NA,NA,NA,NA,NA,NA,NA,NA,NA,NA,NA,NA,NA,NA,NA,NA,NA,NA,NA,NA,NA,NA,High,High,High,NA,NA,NA,NA,NA
6,2025-10-05,15:34:22,"Douthat, Jim",1000456583,Left,VIR_KEY,Undefined,Fastball,NA,NA,78.41422,3.04254,5.701895,2344.476594,91.00369,09:00:00,3.13218,-3.2147,4.82367,-46.09239,1.54638,-5.76256,2.18988,1.72341,71.78478,-5.265846,4.697824,0.496766,4.39634,0.26638,2.65267,50,3.39556,-11.06252,-113.13527,4.39067,5.72273,19.80291,-31.82731,89e3194c-aae6-4641-bc44-0d9fa107bc58,NA,NA,NA,NA,NA,10082688,"Cardone, Benjamin",NA,NA,NA,Right,NA,NA,NA,NA,NA,NA,NA,NA,NA,NA,NA,NA,NA,NA,NA,NA,1,6,VIR_KEY,1,Bottom,0,3,2,Slider,BallCalled,Walk,Undefined,Undefined,0,0,NA,VIR_KEY,VIR_KEY,GrayMinorStadium,TeamExclusive,Team,20251005-GrayMinorStadium-Private-2,4bdfa0a0-a222-11f0-abbe-534ebe2a5eb0,75.8757,NA,NA,6.62944,NA,NA,NA,99557737-5fc5-48bd-a8f0-1ce0e5d8ac26,2025-10-05,19:34:22,2025-10-05T19:34:22Z,2025-10-05T19:34:22Z,NA,v3,471480,471480,NA,"Slater, Will",10088614,Right,VIR_KEY,55.67781,-114.12477,9.90145,3.13644,5.981,-15.91366,3.21258,-11.34847,2.86137,NA,NA,NA,NA,NA,NA,NA,NA,NA,NA,NA,NA,NA,NA,NA,NA,NA,NA,NA,NA,NA,NA,NA,NA,NA,NA,NA,NA,NA,NA,NA,NA,NA,NA,NA,NA,NA,NA,NA,NA,NA,NA,NA,NA,NA,NA,NA,NA,NA,NA,High,High,High,NA,NA,NA,NA,NA
7,2025-10-05,15:35:35,"Douthat, Jim",1000456583,Left,VIR_KEY,Undefined,Slider,NA,NA,72.51001,3.122137,0.707615,2715.337632,233.970833,01:45:00,2.86292,-3.5428,4.57447,-47.77975,8.05508,8.74004,1.85509,-2.14115,66.40572,-5.521353,2.236348,0.537804,-4.16595,3.45752,3.4606,50,3.14195,-1.6305,-105.04643,4.12406,-4.66314,17.50111,-28.30389,f5eca409-6ebf-4d85-9928-66cb7dfcb09f,NA,NA,NA,NA,NA,1000230988,"Fitzwater, Grayson",NA,NA,NA,Left,NA,NA,NA,NA,NA,NA,NA,NA,NA,NA,NA,NA,NA,NA,NA,NA,2,1,VIR_KEY,1,Bottom,0,0,0,Slider,BallCalled,Undefined,Undefined,Undefined,0,0,NA,VIR_KEY,VIR_KEY,GrayMinorStadium,TeamExclusive,Team,20251005-GrayMinorStadium-Private-2,7744c9f0-a222-11f0-abbe-534ebe2a5eb0,70.08582,NA,NA,6.10429,NA,NA,NA,99557737-5fc5-48bd-a8f0-1ce0e5d8ac26,2025-10-05,19:35:35,2025-10-05T19:35:35Z,2025-10-05T19:35:35Z,NA,v3,471480,471480,NA,"Slater, Will",10088614,Right,VIR_KEY,55.92687,-106.02927,8.75055,2.86572,5.71356,-14.15195,3.54481,-1.36863,-2.33157,NA,NA,NA,NA,NA,NA,NA,NA,NA,NA,NA,NA,NA,NA,NA,NA,NA,NA,NA,NA,NA,NA,NA,NA,NA,NA,NA,NA,NA,NA,NA,NA,NA,NA,NA,NA,NA,NA,NA,NA,NA,NA,NA,NA,NA,NA,NA,NA,NA,NA,High,High,High,NA,NA,NA,NA,NA
8,2025-10-05,15:36:26,"Douthat, Jim",1000456583,Left,VIR_KEY,Undefined,Fastball,NA,NA,77.21278,4.377069,2.540455,2337.086117,91.635349,09:00:00,2.90201,-3.20536,4.64348,-47.78601,1.61516,-2.7802,3.09146,-1.02133,70.30694,-4.249276,2.054669,0.505871,2.06425,-0.02008,2.94796,50,3.30736,-4.8348,-111.58163,6.8123,2.60571,19.84331,-32.19941,17ba019b-bc90-4d00-8dd6-eb8e39edb288,NA,NA,NA,NA,-166.169268,1000230988,"Fitzwater, Grayson",3881.558396,NA,57.41161,Left,31.945333,NA,NA,NA,NA,35.79808,NA,NA,2.34496,3.0896,1.05192,NA,NA,NA,NA,NA,2,2,VIR_KEY,1,Bottom,0,1,0,Slider,FoulBallNotFieldable,Undefined,Undefined,Undefined,0,0,NA,VIR_KEY,VIR_KEY,GrayMinorStadium,TeamExclusive,Team,20251005-GrayMinorStadium-Private-2,95b63720-a222-11f0-abbe-534ebe2a5eb0,74.50995,20.72117,NA,6.90583,NA,NA,NA,99557737-5fc5-48bd-a8f0-1ce0e5d8ac26,2025-10-05,19:36:26,2025-10-05T19:36:26Z,2025-10-05T19:36:26Z,NA,v3,471480,471480,NA,"Slater, Will",10088614,Right,VIR_KEY,55.85636,-112.61829,9.92165,2.90753,8.49448,-16.09971,3.2041,-4.97093,1.30285,23.783039,2.34496,-69.37957,3.25286,0.50367,-0.15005,0.04826,0.01307,-0.02154,0.00901,3.0896,44.55294,-24.2405,2.51104,-0.51197,0.12153,-0.06022,0.04931,-0.01905,1.05192,-17.08072,3.47267,0.00748,-0.02583,0.01525,0.01629,-0.0198,0.00794,NA,NA,NA,NA,NA,NA,NA,NA,NA,NA,NA,NA,NA,NA,NA,NA,NA,NA,NA,NA,NA,NA,High,High,High,High,Undefined,NA,NA,NA
9,2025-10-05,15:37:30,"Douthat, Jim",1000456583,Left,VIR_KEY,Undefined,Fastball,NA,NA,77.26836,4.056473,4.2543,2226.571405,50.344882,07:45:00,2.74364,-3.47074,4.55215,-52.8431,-3.73264,-6.17363,2.21842,0.07177,71.14362,-5.391144,3.179999,0.504381,4.07862,-2.50126,3.03409,50,3.11644,-8.0508400000000009,-111.66898,5.97177,5.21103,17.88055,-35.36979,f67d04f7-5a52-4043-b8e8-389808951ae1,NA,NA,NA,NA,29.112757,1000230988,"Fitzwater, Grayson",2361.213905,NA,103.63383,Left,6.512344,NA,NA,NA,124.82178,122.87226,0.919786,31.728959,3.18701,2.39225,-0.00972,NA,NA,NA,NA,NA,2,3,VIR_KEY,1,Bottom,0,1,1,Curveball,InPlay,Undefined,LineDrive,Single,0,0,NA,VIR_KEY,VIR_KEY,GrayMinorStadium,TeamExclusive,Team,20251005-GrayMinorStadium-Private-2,bbfa82b0-a222-11f0-abbe-534ebe2a5eb0,74.73013,5.62478,NA,6.12475,NA,NA,NA,99557737-5fc5-48bd-a8f0-1ce0e5d8ac26,2025-10-05,19:37:30,2025-10-05T19:37:30Z,2025-10-05T19:37:30Z,GroundBall,v3,471480,471480,NA,"Slater, Will",10088614,Right,VIR_KEY,55.95043,-112.61774,8.94028,2.74978,7.84853,-17.6849,3.46862,-8.32734,2.60552,292.265255,3.18701,131.93659,-24.99366,4.3691700000000004,-1.22625,0.87992,-1.17219,0.96878,-0.31286,2.39225,17.2389,-24.16787,3.41241,-0.97801,1.00794,-1.57427,1.37876,-0.46022,-0.00972,73.47355,-2.16202,-0.13523,0.18129,-0.7423,1.43006,-1.30142,0.441,NA,NA,NA,NA,NA,NA,NA,NA,NA,NA,NA,NA,NA,NA,NA,NA,NA,NA,NA,NA,NA,NA,High,High,High,High,High,NA,NA,NA
10,2025-10-05,15:38:19,"Douthat, Jim",1000456583,Left,VIR_KEY,Undefined,Fastball,NA,NA,78.70419,3.528813,3.309924,2330.643471,120.076258,10:00:00,3.06094,-3.43886,4.48043,-42.35392,5.28807,-6.64697,2.90471,-0.83451,71.92777,-4.105319,2.152391,0.496783,4.07744,2.0891,3.09713,50,3.39268,-6.28603,-113.76286,5.43117,5.37512,19.71494,-29.42007,f1c95397-763a-47c6-861d-603218ae2138,NA,NA,NA,NA,NA,1000433144,"Garner, Bradley",NA,NA,NA,Right,NA,NA,NA,NA,NA,NA,NA,NA,NA,NA,NA,NA,NA,NA,NA,NA,3,1,VIR_KEY,1,Bottom,0,0,0,Changeup,StrikeCalled,Undefined,Undefined,Undefined,0,0,NA,VIR_KEY,VIR_KEY,GrayMinorStadium,TeamExclusive,Team,20251005-GrayMinorStadium-Private-2,d91ba220-a222-11f0-abbe-534ebe2a5eb0,75.87311,NA,NA,6.77642,NA,NA,NA,99557737-5fc5-48bd-a8f0-1ce0e5d8ac26,2025-10-05,19:38:19,2025-10-05T19:38:19Z,2025-10-05T19:38:19Z,NA,v3,471480,471480,NA,"Slater, Will",10088614,Right,VIR_KEY,56.01754,-114.80096,9.85747,3.06592,6.98029,-14.71004,3.43557,-6.56906,2.68756,NA,NA,NA,NA,NA,NA,NA,NA,NA,NA,NA,NA,NA,NA,NA,NA,NA,NA,NA,NA,NA,NA,NA,NA,NA,NA,NA,NA,NA,NA,NA,NA,NA,NA,NA,NA,NA,NA,NA,NA,NA,NA,NA,NA,NA,NA,NA,NA,NA,NA,High,High,High,NA,NA,NA,NA,NA
11,2025-10-05,15:39:20,"Douthat, Jim",1000456583,Left,VIR_KEY,Undefined,Fastball,NA,NA,76.26585,3.033073,1.601304,2352.042371,46.815516,07:30:00,2.67242,-3.60593,4.37612,-53.27306,-2.62595,-4.38721,1.13323,-2.44199,70.14825,-6.493711,0.836292,0.512211,2.53284,-1.59764,3.4392,50,2.94408,-2.90089,-110.48749,3.83737,3.15372,18.34353,-34.16333,4ebed66b-00e9-4592-a4ff-2ae4bf31b4fb,NA,NA,NA,NA,NA,1000433144,"Garner, Bradley",NA,NA,NA,Right,NA,NA,NA,NA,NA,NA,NA,NA,NA,NA,NA,NA,NA,NA,NA,NA,3,2,VIR_KEY,1,Bottom,0,0,1,Curveball,BallCalled,Undefined,Undefined,Undefined,0,0,NA,VIR_KEY,VIR_KEY,GrayMinorStadium,TeamExclusive,Team,20251005-GrayMinorStadium-Private-2,fd2d7d50-a222-11f0-abbe-534ebe2a5eb0,73.58775,NA,NA,6.1176,NA,NA,NA,99557737-5fc5-48bd-a8f0-1ce0e5d8ac26,2025-10-05,19:39:20,2025-10-05T19:39:20Z,2025-10-05T19:39:20Z,NA,v3,471480,471480,NA,"Slater, Will",10088614,Right,VIR_KEY,56.12432,-111.49964,9.17177,2.68034,5.7224,-17.08167,3.60407,-3.0749,1.57686,NA,NA,NA,NA,NA,NA,NA,NA,NA,NA,NA,NA,NA,NA,NA,NA,NA,NA,NA,NA,NA,NA,NA,NA,NA,NA,NA,NA,73.59993,2.727664,1.407693,1.319971,-1.14686,0.83051,2.40537,1.0684,5.53103,2.7718,127.27878,0.05248,-0.47759,1.17554,106.00198,-8.03744,5.55452,11.85965,-12.17129,2.7553,-3.8092,1.04666,High,High,High,NA,NA,High,High,High
12,2025-10-05,15:39:53,"Douthat, Jim",1000456583,Left,VIR_KEY,Undefined,Slider,NA,NA,74.59167,2.497259,0.9698,2852.819521,262.035968,02:45:00,3.21126,-3.35359,4.32127,-50.44743,3.68437,12.51827,1.39629,-1.38328,67.34063,-6.603356,3.150134,0.529539,-5.6952,1.56776,3.23538,50,3.43082,-2.3627,-107.80832,2.86095,-6.60771,21.22221,-30.35508,beee80eb-5382-4654-a060-a59cf2ac4190,NA,NA,NA,NA,NA,1000433144,"Garner, Bradley",NA,NA,NA,Right,NA,NA,NA,NA,NA,NA,NA,NA,NA,NA,NA,NA,NA,NA,NA,NA,3,3,VIR_KEY,1,Bottom,0,1,1,Curveball,BallCalled,Undefined,Undefined,Undefined,0,0,NA,VIR_KEY,VIR_KEY,GrayMinorStadium,TeamExclusive,Team,20251005-GrayMinorStadium-Private-2,1151e460-a223-11f0-abbe-534ebe2a5eb0,71.17977,NA,NA,7.25104,NA,NA,NA,99557737-5fc5-48bd-a8f0-1ce0e5d8ac26,2025-10-05,19:39:53,2025-10-05T19:39:53Z,2025-10-05T19:39:53Z,NA,v3,471480,471480,NA,"Slater, Will",10088614,Right,VIR_KEY,56.17448,-109.01699,10.61111,3.21865,4.58978,-15.17754,3.35923,-1.98636,-3.30386,NA,NA,NA,NA,NA,NA,NA,NA,NA,NA,NA,NA,NA,NA,NA,NA,NA,NA,NA,NA,NA,NA,NA,NA,NA,NA,NA,NA,NA,NA,NA,NA,NA,NA,NA,NA,NA,NA,NA,NA,NA,NA,NA,NA,NA,NA,NA,NA,NA,NA,High,High,High,NA,NA,NA,NA,NA
13,2025-10-05,15:40:13,"Douthat, Jim",1000456583,Left,VIR_KEY,Undefined,Fastball,NA,NA,77.83387,3.347648,3.42576,2409.543262,82.329183,08:45:00,3.12006,-3.21682,4.68208,-47.69164,0.90496,-4.76488,2.33399,-0.35692,70.89646,-5.262258,2.592925,0.501735,3.30949,-0.10575,2.87279,50,3.41809,-6.53606,-112.51241,4.85023,4.23862,20.57919,-32.30949,e28fe400-94e9-4db2-96ba-9296064bc04d,NA,NA,NA,NA,-59.502108,1000433144,"Garner, Bradley",NA,NA,65.22117,Right,-37.376709,NA,NA,NA,4.92074,4.92074,0.04201,-28.498094,2.69715,2.44956,0.41512,NA,NA,NA,NA,NA,3,4,VIR_KEY,1,Bottom,0,2,1,Curveball,InPlay,Undefined,GroundBall,Error,1,1,NA,VIR_KEY,VIR_KEY,GrayMinorStadium,TeamExclusive,Team,20251005-GrayMinorStadium-Private-2,1cbbf340-a223-11f0-abbe-534ebe2a5eb0,75.1242,2.44956,NA,6.93741,NA,NA,NA,99557737-5fc5-48bd-a8f0-1ce0e5d8ac26,2025-10-05,19:40:13,2025-10-05T19:40:13Z,2025-10-05T19:40:13Z,GroundBall,v3,471480,471480,NA,"Slater, Will",10088614,Right,VIR_KEY,55.81782,-113.57154,10.28959,3.12568,6.51307,-16.15474,3.21479,-6.7542,2.11931,NA,2.69607,38.7379,NA,NA,NA,NA,NA,NA,NA,2.45118,-58.30942,NA,NA,NA,NA,NA,NA,NA,0.41696,-65.76944,NA,NA,NA,NA,NA,NA,NA,NA,NA,NA,NA,NA,NA,NA,NA,NA,NA,NA,NA,NA,NA,NA,NA,NA,NA,NA,NA,NA,NA,High,High,High,Estimated,Estimated,NA,NA,NA
14,2025-10-05,15:40:57,"Douthat, Jim",1000456583,Left,VIR_KEY,Undefined,Fastball,NA,NA,78.56416,3.747621,1.796966,2411.165321,68.395863,08:15:00,2.80685,-3.57801,4.43117,-47.95636,-0.385,-4.40118,2.3925,-2.22994,72.2276,-4.84691,1.029631,0.496414,2.57244,-0.68752,3.39197,50,3.15793,-3.37512,-113.7545,5.60197,3.40664,18.78517,-33.08449,bd8c12af-bcfd-4319-9e38-a36464fbcb9d,NA,NA,NA,NA,NA,1000143449,"Kohlmeyer, JW",NA,NA,NA,Right,NA,NA,NA,NA,NA,NA,NA,NA,NA,NA,NA,NA,NA,NA,NA,NA,4,1,VIR_KEY,1,Bottom,1,0,0,Curveball,BallCalled,Undefined,Undefined,Undefined,0,0,NA,VIR_KEY,VIR_KEY,GrayMinorStadium,TeamExclusive,Team,20251005-GrayMinorStadium-Private-2,36fa6520-a223-11f0-abbe-534ebe2a5eb0,75.92939,NA,NA,6.33656,NA,NA,NA,99557737-5fc5-48bd-a8f0-1ce0e5d8ac26,2025-10-05,19:40:57,2025-10-05T19:40:57Z,2025-10-05T19:40:57Z,NA,v3,471480,471480,NA,"Slater, Will",10088614,Right,VIR_KEY,56.06874,-114.7523,9.39259,2.8137,7.3593,-16.54224,3.57605,-3.55607,1.70332,NA,NA,NA,NA,NA,NA,NA,NA,NA,NA,NA,NA,NA,NA,NA,NA,NA,NA,NA,NA,NA,NA,NA,NA,NA,NA,NA,NA,NA,NA,NA,NA,NA,NA,NA,NA,NA,NA,NA,NA,NA,NA,NA,NA,NA,NA,NA,NA,NA,NA,High,High,High,NA,NA,NA,NA,NA
15,2025-10-05,15:41:41,"Douthat, Jim",1000456583,Left,VIR_KEY,Undefined,Fastball,NA,NA,76.87094,4.942913,5.185329,2326.57636,67.88812,08:15:00,2.73524,-3.52186,4.576,-51.62889,-1.5202,-7.45512,3.16684,0.80398,70.1658,-4.306304,3.891881,0.509481,5.00359,-1.65039,2.9912,50,3.20147,-9.73719,-110.72406,7.71685,6.25068,18.60565,-34.23578,f49b3e82-cbaf-4c1c-9aa7-bc6f408844da,NA,NA,NA,NA,NA,1000143449,"Kohlmeyer, JW",NA,NA,NA,Right,NA,NA,NA,NA,NA,NA,NA,NA,NA,NA,NA,NA,NA,NA,NA,NA,4,2,VIR_KEY,1,Bottom,1,1,0,Curveball,FoulBallNotFieldable,Undefined,Undefined,Undefined,0,0,NA,VIR_KEY,VIR_KEY,GrayMinorStadium,TeamExclusive,Team,20251005-GrayMinorStadium-Private-2,51b61d50-a223-11f0-abbe-534ebe2a5eb0,73.98203,NA,NA,6.70514,NA,NA,NA,99557737-5fc5-48bd-a8f0-1ce0e5d8ac26,2025-10-05,19:41:41,2025-10-05T19:41:41Z,2025-10-05T19:41:41Z,NA,v3,471480,471480,NA,"Slater, Will",10088614,Right,VIR_KEY,55.9251,-111.71526,9.30283,2.74178,9.54073,-17.11789,3.51881,-10.07018,3.12534,NA,NA,NA,NA,NA,NA,NA,NA,NA,NA,NA,NA,NA,NA,NA,NA,NA,NA,NA,NA,NA,NA,NA,NA,NA,NA,NA,NA,NA,NA,NA,NA,NA,NA,NA,NA,NA,NA,NA,NA,NA,NA,NA,NA,NA,NA,NA,NA,NA,NA,High,High,High,NA,NA,NA,NA,NA
16,2025-10-05,15:42:48,"Douthat, Jim",1000456583,Left,VIR_KEY,Undefined,Fastball,NA,NA,77.15565,3.406571,4.249814,2460.83396,48.211847,07:30:00,2.83368,-3.33055,4.49184,-52.16019,-2.18122,-4.24996,1.74597,0.37245,70.22606,-5.952015,3.510853,0.508821,3.25988,-1.52465,2.88794,50,3.1426,-8.09119,-111.36026,4.68031,4.08648,20.32115,-34.08528,606250fc-2ee6-4c6b-a0cc-f6b50612e5a8,NA,NA,NA,NA,NA,1000143449,"Kohlmeyer, JW",NA,NA,NA,Right,NA,NA,NA,NA,NA,NA,NA,NA,NA,NA,NA,NA,NA,NA,NA,NA,4,3,VIR_KEY,1,Bottom,1,1,1,Curveball,StrikeCalled,Undefined,Undefined,Undefined,0,0,NA,VIR_KEY,VIR_KEY,GrayMinorStadium,TeamExclusive,Team,20251005-GrayMinorStadium-Private-2,78f73f70-a223-11f0-abbe-534ebe2a5eb0,74.078,NA,NA,6.92959,NA,NA,NA,99557737-5fc5-48bd-a8f0-1ce0e5d8ac26,2025-10-05,19:42:48,2025-10-05T19:42:48Z,2025-10-05T19:42:48Z,NA,v3,471480,471480,NA,"Slater, Will",10088614,Right,VIR_KEY,56.00691,-112.45106,10.16057,2.84226,6.50994,-17.04264,3.32815,-8.31055,2.04324,NA,NA,NA,NA,NA,NA,NA,NA,NA,NA,NA,NA,NA,NA,NA,NA,NA,NA,NA,NA,NA,NA,NA,NA,NA,NA,NA,NA,73.80204,1.670481,0.783616,0.886865,-1.03892,1.47954,-0.5224,-2.97828,5.24322,-3.65968,64.37678,2.68768,-60.40722,-2.96101,80.13442,-4.76832,5.25548,8.48249,-12.84841,-3.70004,-71.32067,8.37891,High,High,High,NA,NA,High,High,High
17,2025-10-05,15:43:19,"Douthat, Jim",1000456583,Left,VIR_KEY,Undefined,Fastball,NA,NA,78.74866,3.629193,3.688038,2392.907832,79.771817,08:45:00,2.9052,-3.38215,4.51036,-47.44499,0.03547,-7.62004,2.42042,-0.49909,72.14675,-4.885601,2.361079,0.49594,4.66512,-0.52756,3.00346,50,3.24075,-7.00823,-113.84087,5.43005,6.16641,19.48088,-32.87136,12ff10b9-066f-4956-9456-71891e86f77c,NA,NA,NA,NA,NA,1000143449,"Kohlmeyer, JW",NA,NA,NA,Right,NA,NA,NA,NA,NA,NA,NA,NA,NA,NA,NA,NA,NA,NA,NA,NA,4,4,VIR_KEY,1,Bottom,1,1,2,Slider,FoulBallNotFieldable,Undefined,Undefined,Undefined,0,0,NA,VIR_KEY,VIR_KEY,GrayMinorStadium,TeamExclusive,Team,20251005-GrayMinorStadium-Private-2,8b8bb7b0-a223-11f0-abbe-534ebe2a5eb0,76.00206,NA,NA,6.60191,NA,NA,NA,99557737-5fc5-48bd-a8f0-1ce0e5d8ac26,2025-10-05,19:43:19,2025-10-05T19:43:19Z,2025-10-05T19:43:19Z,NA,v3,471480,471480,NA,"Slater, Will",10088614,Right,VIR_KEY,55.9901,-114.86135,9.74044,2.91121,7.15196,-16.43568,3.37903,-7.33125,3.08321,NA,NA,NA,NA,NA,NA,NA,NA,NA,NA,NA,NA,NA,NA,NA,NA,NA,NA,NA,NA,NA,NA,NA,NA,NA,NA,NA,NA,NA,NA,NA,NA,NA,NA,NA,NA,NA,NA,NA,NA,NA,NA,NA,NA,NA,NA,NA,NA,NA,NA,High,High,High,NA,NA,NA,NA,NA
18,2025-10-05,15:43:45,"Douthat, Jim",1000456583,Left,VIR_KEY,Undefined,Slider,NA,NA,74.59349,2.426326,0.396837,2731.451026,258.126465,02:30:00,3.18189,-3.27043,4.34478,-49.87243,3.78811,9.44386,1.34561,-2.10426,67.79531,-6.556704,2.043327,0.527229,-4.42173,1.66307,3.21765,50,3.39347,-1.1503,-107.93258,2.75314,-5.18214,19.9241,-30.22496,6a187e93-7cf9-4604-95ac-6c2901fdc780,NA,NA,NA,NA,NA,1000143449,"Kohlmeyer, JW",NA,NA,NA,Right,NA,NA,NA,NA,NA,NA,NA,NA,NA,NA,NA,NA,NA,NA,NA,NA,4,5,VIR_KEY,1,Bottom,1,1,2,Curveball,BallCalled,Undefined,Undefined,Undefined,0,0,NA,VIR_KEY,VIR_KEY,GrayMinorStadium,TeamExclusive,Team,20251005-GrayMinorStadium-Private-2,9b22f580-a223-11f0-abbe-534ebe2a5eb0,71.49165,NA,NA,6.79818,NA,NA,NA,99557737-5fc5-48bd-a8f0-1ce0e5d8ac26,2025-10-05,19:43:45,2025-10-05T19:43:45Z,2025-10-05T19:43:45Z,NA,v3,471480,471480,NA,"Slater, Will",10088614,Right,VIR_KEY,56.15193,-109.0623,9.96205,3.18878,4.46694,-15.11248,3.27455,-0.85647,-2.59107,NA,NA,NA,NA,NA,NA,NA,NA,NA,NA,NA,NA,NA,NA,NA,NA,NA,NA,NA,NA,NA,NA,NA,NA,NA,NA,NA,NA,NA,NA,NA,NA,NA,NA,NA,NA,NA,NA,NA,NA,NA,NA,NA,NA,NA,NA,NA,NA,NA,NA,High,High,High,NA,NA,NA,NA,NA
19,2025-10-05,15:44:04,"Douthat, Jim",1000456583,Left,VIR_KEY,Undefined,Fastball,NA,NA,78.12656,4.028841,4.641964,2326.896151,65.239953,08:15:00,2.79182,-3.38027,4.65218,-49.49999,-1.07472,-5.63807,2.51364,0.56999,71.13763,-4.875947,3.660275,0.50085,4.04862,-1.24177,2.91046,50,3.16004,-8.91264,-112.70188,6.1306,5.21182,20.31335,-33.77261,f8ae4a9f-f62a-40d5-8130-2305abf84764,NA,NA,NA,NA,-12.616475,1000143449,"Kohlmeyer, JW",NA,NA,60.14608,Right,-8.745977,NA,NA,NA,14.76809,14.7648,0.153139,-11.923542,1.63518,2.46407,-0.41947,NA,NA,NA,NA,NA,4,6,VIR_KEY,1,Bottom,1,2,2,Curveball,InPlay,Undefined,GroundBall,Out,1,1,NA,VIR_KEY,VIR_KEY,GrayMinorStadium,TeamExclusive,Team,20251005-GrayMinorStadium-Private-2,a6ac4c30-a223-11f0-abbe-534ebe2a5eb0,75.25699,2.46407,NA,6.98893,NA,NA,NA,99557737-5fc5-48bd-a8f0-1ce0e5d8ac26,2025-10-05,19:44:04,2025-10-05T19:44:04Z,2025-10-05T19:44:04Z,GroundBall,v3,471480,471480,NA,"Slater, Will",10088614,Right,VIR_KEY,55.848,-113.75104,10.15667,2.79836,7.87491,-16.88631,3.37773,-9.18183,2.60591,286.886808,1.63519,85.08241,-9.17575,NA,NA,NA,NA,NA,NA,2.46439,-13.44069,-17.33023,NA,NA,NA,NA,NA,NA,-0.41982,-19.01425,11.9737,NA,NA,NA,NA,NA,NA,NA,NA,NA,NA,NA,NA,NA,NA,NA,NA,NA,NA,NA,NA,NA,NA,NA,NA,NA,NA,NA,NA,High,High,High,High,High,NA,NA,NA
20,2025-10-05,15:44:38,"Douthat, Jim",1000456583,Left,VIR_KEY,Undefined,Slider,NA,NA,74.62141,3.091995,1.190354,2785.898781,240.017779,02:00:00,3.25546,-3.34665,4.46191,-44.79435,8.04985,11.24044,2.47414,-1.27485,68.45267,-4.992096,3.151342,0.523203,-5.12886,3.57898,3.2095,50,3.53914,-2.71432,-108.06005999999999,4.24668,-6.09918,17.82065,-27.91797,16efbf0f-e3cc-455a-bcac-d57712bdd4ea,NA,NA,NA,NA,NA,1000433147,"Schnarrs, Ayden",NA,NA,NA,Right,NA,NA,NA,NA,NA,NA,NA,NA,NA,NA,NA,NA,NA,NA,NA,NA,5,1,VIR_KEY,1,Bottom,2,0,0,Slider,BallCalled,Undefined,Undefined,Undefined,0,0,NA,VIR_KEY,VIR_KEY,GrayMinorStadium,TeamExclusive,Team,20251005-GrayMinorStadium-Private-2,bb01fc70-a223-11f0-abbe-534ebe2a5eb0,72.04172,NA,NA,6.16874,NA,NA,NA,99557737-5fc5-48bd-a8f0-1ce0e5d8ac26,2025-10-05,19:44:38,2025-10-05T19:44:38Z,2025-10-05T19:44:38Z,NA,v3,471480,471480,NA,"Slater, Will",10088614,Right,VIR_KEY,56.03604,-109.05095,8.91033,3.25985,5.79901,-13.95898,3.351,-2.37518,-3.04959,NA,NA,NA,NA,NA,NA,NA,NA,NA,NA,NA,NA,NA,NA,NA,NA,NA,NA,NA,NA,NA,NA,NA,NA,NA,NA,NA,NA,NA,NA,NA,NA,NA,NA,NA,NA,NA,NA,NA,NA,NA,NA,NA,NA,NA,NA,NA,NA,NA,NA,High,High,High,NA,NA,NA,NA,NA
21,2025-10-05,15:44:54,"Douthat, Jim",1000456583,Left,VIR_KEY,Undefined,Slider,NA,NA,74.5834,2.812811,1.445436,2782.587854,241.886517,02:00:00,3.35692,-3.21202,4.56097,-46.01912,6.91469,9.85989,2.20199,-1.01444,68.17297,-5.509958,3.168833,0.523646,-4.38591,3.09795,3.0522,50,3.60642,-3.13344,-107.97492,3.6868,-5.18177,18.66406,-28.51392,abaceb25-383b-4a46-b094-69f98f5152a8,NA,NA,NA,NA,NA,1000433147,"Schnarrs, Ayden",NA,NA,NA,Right,NA,NA,NA,NA,NA,NA,NA,NA,NA,NA,NA,NA,NA,NA,NA,NA,5,2,VIR_KEY,1,Bottom,2,1,0,Slider,StrikeCalled,Undefined,Undefined,Undefined,0,0,NA,VIR_KEY,VIR_KEY,GrayMinorStadium,TeamExclusive,Team,20251005-GrayMinorStadium-Private-2,c47851a0-a223-11f0-abbe-534ebe2a5eb0,71.98074,NA,NA,6.41044,NA,NA,NA,99557737-5fc5-48bd-a8f0-1ce0e5d8ac26,2025-10-05,19:44:54,2025-10-05T19:44:54Z,2025-10-05T19:44:54Z,NA,v3,471480,471480,NA,"Slater, Will",10088614,Right,VIR_KEY,55.93637,-108.99622,9.33203,3.36199,5.2471,-14.25696,3.21591,-2.84989,-2.59089,NA,NA,NA,NA,NA,NA,NA,NA,NA,NA,NA,NA,NA,NA,NA,NA,NA,NA,NA,NA,NA,NA,NA,NA,NA,NA,NA,NA,NA,NA,NA,NA,NA,NA,NA,NA,NA,NA,NA,NA,NA,NA,NA,NA,NA,NA,NA,NA,NA,NA,High,High,High,NA,NA,NA,NA,NA
22,2025-10-05,15:45:09,"Douthat, Jim",1000456583,Left,VIR_KEY,Undefined,Fastball,NA,NA,79.49629,2.762725,5.208127,2355.513984,95.517189,09:15:00,3.27655,-3.32253,4.86579,-44.19829,1.61154,-3.59382,2.22085,1.32053,73.41556,-5.194463,4.580548,0.487137,3.06016,0.40417,2.81167,50,3.51173,-10.33022,-114.93226,3.96734,4.14585,18.73693,-31.62651,947009ea-8d00-4cf4-9bb4-e36e12a0bcee,NA,NA,NA,NA,NA,1000433147,"Schnarrs, Ayden",NA,NA,NA,Right,NA,NA,NA,NA,NA,NA,NA,NA,NA,NA,NA,NA,NA,NA,NA,NA,5,3,VIR_KEY,1,Bottom,2,1,1,Slider,BallCalled,Undefined,Undefined,Undefined,0,0,NA,VIR_KEY,VIR_KEY,GrayMinorStadium,TeamExclusive,Team,20251005-GrayMinorStadium-Private-2,cd7d6e70-a223-11f0-abbe-534ebe2a5eb0,77.37549,NA,NA,6.08073,NA,NA,NA,99557737-5fc5-48bd-a8f0-1ce0e5d8ac26,2025-10-05,19:45:09,2025-10-05T19:45:09Z,2025-10-05T19:45:09Z,NA,v3,471480,471480,NA,"Slater, Will",10088614,Right,VIR_KEY,55.6365,-115.84751,9.36846,3.28021,5.51221,-15.81326,3.32122,-10.53274,2.07293,NA,NA,NA,NA,NA,NA,NA,NA,NA,NA,NA,NA,NA,NA,NA,NA,NA,NA,NA,NA,NA,NA,NA,NA,NA,NA,NA,NA,NA,NA,NA,NA,NA,NA,NA,NA,NA,NA,NA,NA,NA,NA,NA,NA,NA,NA,NA,NA,NA,NA,High,High,High,NA,NA,NA,NA,NA
23,2025-10-05,15:45:26,"Douthat, Jim",1000456583,Left,VIR_KEY,Undefined,Fastball,NA,NA,79.3099,3.277935,3.808898,2384.380844,80.571642,08:45:00,3.02907,-3.68795,4.86086,-45.63691,0.30984,-5.87248,2.33875,-0.56697,73.09274,-4.951164,2.779804,0.487864,3.84032,-0.30681,3.31743,50,3.31381,-7.39978,-114.80725,4.91882,5.18789,18.83447,-32.58852,f5dd2b73-8961-4947-ab48-fc2b58863a71,NA,NA,NA,NA,10.319991,1000433147,"Schnarrs, Ayden",1792.937515,NA,68.94976,Right,-1.287238,NA,NA,NA,31.85836,31.34007,0.311329,11.423582,1.36809,2.34669,0.56222,NA,NA,NA,NA,NA,5,4,VIR_KEY,1,Bottom,2,2,1,Slider,InPlay,Undefined,GroundBall,Out,1,0,NA,VIR_KEY,VIR_KEY,GrayMinorStadium,TeamExclusive,Team,20251005-GrayMinorStadium-Private-2,d7706db0-a223-11f0-abbe-534ebe2a5eb0,77.26011,2.34669,NA,6.21716,NA,NA,NA,99557737-5fc5-48bd-a8f0-1ce0e5d8ac26,2025-10-05,19:45:26,2025-10-05T19:45:26Z,2025-10-05T19:45:26Z,GroundBall,v3,471480,471480,NA,"Slater, Will",10088614,Right,VIR_KEY,55.64058,-115.7289,9.41723,3.03409,6.51352,-16.29426,3.68575,-7.65365,2.59395,294.477889,1.36996,99.385,-11.20413,NA,NA,NA,NA,NA,NA,2.34857,-2.35175,-16.69601,NA,NA,NA,NA,NA,NA,0.56166,18.13585,1.05811,NA,NA,NA,NA,NA,NA,NA,NA,NA,NA,NA,NA,NA,NA,NA,NA,NA,NA,NA,NA,NA,NA,NA,NA,NA,NA,NA,NA,High,High,High,High,High,NA,NA,NA
24,2025-10-05,15:49:26,"Perry, Max",1000301360,Right,VIR_KEY,Undefined,Fastball,NA,NA,79.6326,-0.91726,-3.819213,1941.152233,225.112519,01:30:00,6.17554,2.0619,5.21915,-34.57478,11.20186,9.63268,2.42989,-0.73162,72.32813,-7.27452,-2.115991,0.48696,-5.93103,6.35587,-1.71632,50,6.0653,7.2857,-115.17303,-3.00585,-7.89729,23.12694,-23.71103,59696212-1af2-407f-adc2-8ad6929ffb07,NA,NA,NA,NA,NA,10088614,"Slater, Will",NA,NA,NA,Right,NA,NA,NA,NA,NA,NA,NA,NA,NA,NA,NA,NA,NA,NA,NA,NA,1,1,VIR_KEY,2,Top,0,0,0,Changeup,StrikeCalled,Undefined,Undefined,Undefined,0,0,NA,VIR_KEY,VIR_KEY,GrayMinorStadium,TeamExclusive,Team,20251005-GrayMinorStadium-Private-2,6651bac0-a224-11f0-abbe-534ebe2a5eb0,77.40357,NA,NA,7.30447,NA,NA,NA,99557737-5fc5-48bd-a8f0-1ce0e5d8ac26,2025-10-05,19:49:26,2025-10-05T19:49:26Z,2025-10-05T19:49:26Z,NA,v3,471480,471480,NA,"Cardone, Benjamin",10082688,Right,VIR_KEY,55.27622,-116.22767,11.56347,6.17771,-1.92456,-11.85552,-2.05678,7.64583,-3.94865,NA,NA,NA,NA,NA,NA,NA,NA,NA,NA,NA,NA,NA,NA,NA,NA,NA,NA,NA,NA,NA,NA,NA,NA,NA,NA,NA,NA,NA,NA,NA,NA,NA,NA,NA,NA,NA,NA,NA,NA,NA,NA,NA,NA,NA,NA,NA,NA,NA,NA,High,High,High,NA,NA,NA,NA,NA
25,2025-10-05,15:49:40,"Perry, Max",1000301360,Right,VIR_KEY,Undefined,Slider,NA,NA,73.48279,0.074255,-4.025944,1932.493462,196.183954,12:30:00,5.91222,2.92753,5.43038,-42.75786,9.77985,2.38441,2.41879,-0.65044,67.92226,-7.737085,-3.603158,0.521683,-2.23717,5.40481,-2.57193,50,5.88929,7.4068,-106.48352,-1.17173,-2.58662,17.08584,-25.925,a0e2ecac-8939-4f8b-8bf8-209ffc169ce4,NA,NA,NA,NA,NA,10088614,"Slater, Will",NA,NA,NA,Right,NA,NA,NA,NA,NA,NA,NA,NA,NA,NA,NA,NA,NA,NA,NA,NA,1,2,VIR_KEY,2,Top,0,0,1,Curveball,StrikeCalled,Undefined,Undefined,Undefined,0,0,NA,VIR_KEY,VIR_KEY,GrayMinorStadium,TeamExclusive,Team,20251005-GrayMinorStadium-Private-2,6f2bcff0-a224-11f0-abbe-534ebe2a5eb0,72.25156,NA,NA,5.56053,NA,NA,NA,99557737-5fc5-48bd-a8f0-1ce0e5d8ac26,2025-10-05,19:49:40,2025-10-05T19:49:40Z,2025-10-05T19:49:40Z,NA,v3,471480,471480,NA,"Cardone, Benjamin",10082688,Right,VIR_KEY,55.06737,-107.29353,8.54292,5.91571,0.05732,-12.9625,-2.92598,7.52943,-1.29331,NA,NA,NA,NA,NA,NA,NA,NA,NA,NA,NA,NA,NA,NA,NA,NA,NA,NA,NA,NA,NA,NA,NA,NA,NA,NA,NA,NA,NA,NA,NA,NA,NA,NA,NA,NA,NA,NA,NA,NA,NA,NA,NA,NA,NA,NA,NA,NA,NA,NA,High,High,High,NA,NA,NA,NA,NA
26,2025-10-05,15:49:54,"Perry, Max",1000301360,Right,VIR_KEY,Undefined,Curveball,NA,NA,69.68346,1.115445,-3.560996,1699.131983,156.763004,11:15:00,6.04429,2.91565,5.06863,-55.39885,4.12811,-0.97457,2.48159,-0.52738,64.22843,-8.909697,-3.732798,0.555301,-0.5026,2.22693,-2.57641,50,6.1063,6.31601,-100.93624,0.256,-0.51851,16.42878,-29.87665,dd167992-a402-4552-8eb7-0f66fd919f39,NA,NA,NA,NA,-13.967993,10088614,"Slater, Will",NA,NA,63.61138,Right,-10.315767,NA,NA,NA,13.84489,13.84489,0.130172,-9.609853,2.22071,2.52689,0.50569,NA,NA,NA,NA,NA,1,3,VIR_KEY,2,Top,0,0,2,Curveball,InPlay,Undefined,GroundBall,Out,1,0,NA,VIR_KEY,VIR_KEY,GrayMinorStadium,TeamExclusive,Team,20251005-GrayMinorStadium-Private-2,778ae8c0-a224-11f0-abbe-534ebe2a5eb0,67.87752,2.52689,NA,5.45503,NA,NA,NA,99557737-5fc5-48bd-a8f0-1ce0e5d8ac26,2025-10-05,19:49:54,2025-10-05T19:49:54Z,2025-10-05T19:49:54Z,GroundBall,v3,471480,471480,NA,"Cardone, Benjamin",10082688,Right,VIR_KEY,55.43127,-101.81642,8.21439,6.0497,1.85665,-14.93832,-2.91553,6.34379,-0.25926,347.01032,2.22072,89.07365,-9.74057,NA,NA,NA,NA,NA,NA,2.5271,-16.7277,-20.64454,NA,NA,NA,NA,NA,NA,0.50567,-22.15332,3.94625,NA,NA,NA,NA,NA,NA,NA,NA,NA,NA,NA,NA,NA,NA,NA,NA,NA,NA,NA,NA,NA,NA,NA,NA,NA,NA,NA,NA,High,High,High,High,High,NA,NA,NA
27,2025-10-05,15:50:32,"Perry, Max",1000301360,Right,VIR_KEY,Undefined,Slider,NA,NA,71.17948,-0.806576,-6.089824,1756.707228,209.286322,01:00:00,6.12353,2.76839,5.22449,-48.3755,8.32685,3.72882,1.3296,-2.66777,66.15576,-9.533055,-5.434476,0.541966,-3.40453,4.90638,-2.20771,50,6.0126,10.83335,-102.80516,-2.94648,-3.67595,15.62485,-26.87654,c7dc7762-a05d-4b62-9532-695bdd71ef5c,NA,NA,NA,NA,NA,10310350,"Hamilton, Brycen",NA,NA,NA,Right,NA,NA,NA,NA,NA,NA,NA,NA,NA,NA,NA,NA,NA,NA,NA,NA,2,1,VIR_KEY,2,Top,1,0,0,Curveball,BallCalled,Undefined,Undefined,Undefined,0,0,NA,VIR_KEY,VIR_KEY,GrayMinorStadium,TeamExclusive,Team,20251005-GrayMinorStadium-Private-2,8dec6e90-a224-11f0-abbe-534ebe2a5eb0,69.54762,NA,NA,5.02372,NA,NA,NA,99557737-5fc5-48bd-a8f0-1ce0e5d8ac26,2025-10-05,19:50:32,2025-10-05T19:50:32Z,2025-10-05T19:50:32Z,NA,v3,471480,471480,NA,"Cardone, Benjamin",10082688,Right,VIR_KEY,55.27386,-103.60361,7.81242,6.12807,-1.57306,-13.43827,-2.76611,11.0212,-1.83798,NA,NA,NA,NA,NA,NA,NA,NA,NA,NA,NA,NA,NA,NA,NA,NA,NA,NA,NA,NA,NA,NA,NA,NA,NA,NA,NA,NA,NA,NA,NA,NA,NA,NA,NA,NA,NA,NA,NA,NA,NA,NA,NA,NA,NA,NA,NA,NA,NA,NA,High,High,High,NA,NA,NA,NA,NA
28,2025-10-05,15:50:46,"Perry, Max",1000301360,Right,VIR_KEY,Undefined,Fastball,NA,NA,80.53164,-1.757995,-5.038247,2043.842896,224.419169,01:30:00,6.15315,2.30108,5.35689,-30.9908,13.61178,11.81083,1.91499,-1.45188,73.25259,-7.4768,-2.950127,0.480675,-7.38729,7.81548,-1.85564,50,5.97282,9.76402,-116.30237,-4.59014,-10.05167,23.1508,-21.53978,4c3cea8d-a82f-48f4-bb07-3fbb230e1d86,NA,NA,NA,NA,NA,10310350,"Hamilton, Brycen",NA,NA,NA,Right,NA,NA,NA,NA,NA,NA,NA,NA,NA,NA,NA,NA,NA,NA,NA,NA,2,2,VIR_KEY,2,Top,1,1,0,Changeup,BallCalled,Undefined,Undefined,Undefined,0,0,NA,VIR_KEY,VIR_KEY,GrayMinorStadium,TeamExclusive,Team,20251005-GrayMinorStadium-Private-2,962c1880-a224-11f0-abbe-534ebe2a5eb0,78.41566,NA,NA,7.27905,NA,NA,NA,99557737-5fc5-48bd-a8f0-1ce0e5d8ac26,2025-10-05,19:50:46,2025-10-05T19:50:46Z,2025-10-05T19:50:46Z,NA,v3,471480,471480,NA,"Cardone, Benjamin",10082688,Right,VIR_KEY,55.13914,-117.32089,11.5754,6.15392,-3.64249,-10.76989,-2.29494,10.20625,-5.02584,NA,NA,NA,NA,NA,NA,NA,NA,NA,NA,NA,NA,NA,NA,NA,NA,NA,NA,NA,NA,NA,NA,NA,NA,NA,NA,NA,NA,NA,NA,NA,NA,NA,NA,NA,NA,NA,NA,NA,NA,NA,NA,NA,NA,NA,NA,NA,NA,NA,NA,High,High,High,NA,NA,NA,NA,NA
29,2025-10-05,15:51:00,"Perry, Max",1000301360,Right,VIR_KEY,Undefined,Fastball,NA,NA,79.26092,-1.892741,-5.125538,1973.257564,234.947259,01:45:00,6.12731,2.46925,5.32204,-36.33116,9.53859,11.43449,1.31573,-1.4007,72.65944,-8.526955,-3.104286,0.487455,-7.15516,5.783,-2.01268,50,5.92931,9.80998,-114.52275,-5.0091,-9.49237,21.36159,-24.50202,54b4f3e3-ebff-4a0f-b353-985b971121bd,NA,NA,NA,NA,NA,10310350,"Hamilton, Brycen",NA,NA,NA,Right,NA,NA,NA,NA,NA,NA,NA,NA,NA,NA,NA,NA,NA,NA,NA,NA,2,3,VIR_KEY,2,Top,1,2,0,Changeup,BallCalled,Undefined,Undefined,Undefined,0,0,NA,VIR_KEY,VIR_KEY,GrayMinorStadium,TeamExclusive,Team,20251005-GrayMinorStadium-Private-2,9e887230-a224-11f0-abbe-534ebe2a5eb0,77.32494,NA,NA,6.60149,NA,NA,NA,99557737-5fc5-48bd-a8f0-1ce0e5d8ac26,2025-10-05,19:51:00,2025-10-05T19:51:00Z,2025-10-05T19:51:00Z,NA,v3,471480,471480,NA,"Cardone, Benjamin",10082688,Right,VIR_KEY,55.17555,-115.48409,10.68079,6.12992,-3.90643,-12.25101,-2.46377,10.23717,-4.74619,NA,NA,NA,NA,NA,NA,NA,NA,NA,NA,NA,NA,NA,NA,NA,NA,NA,NA,NA,NA,NA,NA,NA,NA,NA,NA,NA,NA,NA,NA,NA,NA,NA,NA,NA,NA,NA,NA,NA,NA,NA,NA,NA,NA,NA,NA,NA,NA,NA,NA,High,High,High,NA,NA,NA,NA,NA
30,2025-10-05,15:51:16,"Perry, Max",1000301360,Right,VIR_KEY,Undefined,Fastball,NA,NA,79.64727,-1.179359,-4.443911,1989.340723,189.525146,12:15:00,6.09238,2.57856,5.46329,-24.74493,21.04261,3.24169,2.92298,-1.319,71.65543,-5.846511,-3.869846,0.487018,-3.07386,11.44938,-2.18883,50,5.97192,8.805,-115.00836,-3.0817,-4.04776,24.67603,-17.09707,9c479f43-abfc-4168-a3ce-0108f007a7bd,NA,NA,NA,NA,NA,10310350,"Hamilton, Brycen",NA,NA,NA,Right,NA,NA,NA,NA,NA,NA,NA,NA,NA,NA,NA,NA,NA,NA,NA,NA,2,4,VIR_KEY,2,Top,1,3,0,Changeup,BallCalled,Walk,Undefined,Undefined,0,0,NA,VIR_KEY,VIR_KEY,GrayMinorStadium,TeamExclusive,Team,20251005-GrayMinorStadium-Private-2,a85c0290-a224-11f0-abbe-534ebe2a5eb0,77.39433,NA,NA,7.99185,NA,NA,NA,99557737-5fc5-48bd-a8f0-1ce0e5d8ac26,2025-10-05,19:51:16,2025-10-05T19:51:16Z,2025-10-05T19:51:16Z,NA,v3,471480,471480,NA,"Cardone, Benjamin",10082688,Right,VIR_KEY,55.02968,-116.08251,12.33802,6.08987,-2.33746,-8.54853,-2.57595,8.9812,-2.02388,NA,NA,NA,NA,NA,NA,NA,NA,NA,NA,NA,NA,NA,NA,NA,NA,NA,NA,NA,NA,NA,NA,NA,NA,NA,NA,NA,NA,NA,NA,NA,NA,NA,NA,NA,NA,NA,NA,NA,NA,NA,NA,NA,NA,NA,NA,NA,NA,NA,NA,High,High,High,NA,NA,NA,NA,NA
31,2025-10-05,15:51:51,"Perry, Max",1000301360,Right,VIR_KEY,Undefined,Fastball,NA,NA,78.61789,0.2981,-4.516469,1833.305992,185.011388,12:15:00,6.19669,2.20898,5.09661,-27.97509,19.76304,1.57508,4.14723,-1.92476,70.50892,-4.933007,-4.23964,0.497284,-2.27122,10.20296,-1.7829,50,6.20402,8.89238,-113.42118,-0.26771,-2.90496,24.25484,-19.12427,75444ad1-b276-4b71-a5b9-c79d382f79b2,NA,NA,NA,NA,NA,10099001,"Ogle, Easton",NA,NA,NA,Right,NA,NA,NA,NA,NA,NA,NA,NA,NA,NA,NA,NA,NA,NA,NA,NA,3,1,VIR_KEY,2,Top,1,0,0,Changeup,BallCalled,Undefined,Undefined,Undefined,0,0,NA,VIR_KEY,VIR_KEY,GrayMinorStadium,TeamExclusive,Team,20251005-GrayMinorStadium-Private-2,bcce6290-a224-11f0-abbe-534ebe2a5eb0,75.79667,NA,NA,8.10896,NA,NA,NA,99557737-5fc5-48bd-a8f0-1ce0e5d8ac26,2025-10-05,19:51:51,2025-10-05T19:51:51Z,2025-10-05T19:51:51Z,NA,v3,471480,471480,NA,"Cardone, Benjamin",10082688,Right,VIR_KEY,55.39513,-114.56911,12.12742,6.19527,0.63739,-9.56214,-2.207,9.02987,-1.45248,NA,NA,NA,NA,NA,NA,NA,NA,NA,NA,NA,NA,NA,NA,NA,NA,NA,NA,NA,NA,NA,NA,NA,NA,NA,NA,NA,NA,61.2968,1.746377,0.643277,1.103101,-1.97754,3.84183,2.17586,-5.3661,3.56948,4.99579,67.41613,0.5961,57.36373,-5.32277,72.55982,-6.05183,3.60521,13.58474,-14.83404,5.00884,50.20928,-2.50622,High,High,High,NA,NA,High,High,High
32,2025-10-05,15:52:10,"Perry, Max",1000301360,Right,VIR_KEY,Undefined,Fastball,NA,NA,80.26225,-1.306249,-3.904298,1918.513532,220.371462,01:15:00,6.09828,2.36138,5.71723,-29.9234,14.26426,10.81682,2.38481,-0.37984,72.92532,-6.884852,-1.974388,0.478434,-6.7454,8.09918,-2.04154,50,5.9705,7.51859,-116.20695,-3.56045,-9.1375,23.67868,-21.20263,8fe98f9f-baca-4c9e-a057-0c87c0a2df44,NA,NA,NA,NA,1.506506,10099001,"Ogle, Easton",NA,NA,63.11778,Right,-7.085094,NA,NA,NA,18.11832,18.11832,0.169109,2.72239,2.8813,2.51578,0.33962,NA,NA,NA,NA,NA,3,2,VIR_KEY,2,Top,1,1,0,Changeup,InPlay,Undefined,GroundBall,Out,1,0,NA,VIR_KEY,VIR_KEY,GrayMinorStadium,TeamExclusive,Team,20251005-GrayMinorStadium-Private-2,c86749a0-a224-11f0-abbe-534ebe2a5eb0,78.78299,2.51578,NA,7.33693,NA,NA,NA,99557737-5fc5-48bd-a8f0-1ce0e5d8ac26,2025-10-05,19:52:10,2025-10-05T19:52:10Z,2025-10-05T19:52:10Z,GroundBall,v3,471480,471480,NA,"Cardone, Benjamin",10082688,Right,VIR_KEY,54.78138,-117.17717,11.83934,6.09859,-2.69169,-10.60132,-2.35728,7.89299,-4.56875,324.591048,2.88139,91.82724,-10.92525,NA,NA,NA,NA,NA,NA,2.51626,-11.45551,-20.26787,NA,NA,NA,NA,NA,NA,0.33946,2.42832,3.86815,NA,NA,NA,NA,NA,NA,NA,NA,NA,NA,NA,NA,NA,NA,NA,NA,NA,NA,NA,NA,NA,NA,NA,NA,NA,NA,NA,NA,High,High,High,High,High,NA,NA,NA
33,2025-10-05,15:52:52,"Perry, Max",1000301360,Right,VIR_KEY,Undefined,Fastball,NA,NA,82.89341,-1.051977,-3.060465,1997.522121,208.091012,01:00:00,6.26091,1.96948,5.32835,-26.73127,15.19316,7.34044,3.04469,-0.29324,75.30408,-6.019687,-1.759014,0.466021,-4.56953,8.34847,-1.69802,50,6.14689,6.10322,-120.02498,-3.08288,-6.62104,24.68799,-20.07744,b54954d1-4ff2-485a-b68e-5b920bf6097b,NA,NA,NA,NA,NA,811745,"Buchanan, Seth",NA,NA,NA,Right,NA,NA,NA,NA,NA,NA,NA,NA,NA,NA,NA,NA,NA,NA,NA,NA,4,1,VIR_KEY,2,Top,2,0,0,Changeup,StrikeCalled,Undefined,Undefined,Undefined,0,0,NA,VIR_KEY,VIR_KEY,GrayMinorStadium,TeamExclusive,Team,20251005-GrayMinorStadium-Private-2,e11e5830-a224-11f0-abbe-534ebe2a5eb0,80.88148,NA,NA,7.58932,NA,NA,NA,99557737-5fc5-48bd-a8f0-1ce0e5d8ac26,2025-10-05,19:52:52,2025-10-05T19:52:52Z,2025-10-05T19:52:52Z,NA,v3,471480,471480,NA,"Cardone, Benjamin",10082688,Right,VIR_KEY,55.16733,-121.08318,12.34399,6.26059,-2.2223,-10.03872,-1.96571,6.38701,-3.31052,NA,NA,NA,NA,NA,NA,NA,NA,NA,NA,NA,NA,NA,NA,NA,NA,NA,NA,NA,NA,NA,NA,NA,NA,NA,NA,NA,NA,NA,NA,NA,NA,NA,NA,NA,NA,NA,NA,NA,NA,NA,NA,NA,NA,NA,NA,NA,NA,NA,NA,High,High,High,NA,NA,NA,NA,NA
34,2025-10-05,15:53:07,"Perry, Max",1000301360,Right,VIR_KEY,Undefined,Slider,NA,NA,71.16339,-1.085298,-4.63496,1807.45106,261.330383,02:45:00,6.11541,2.54789,5.19255,-54.80109,2.19532,2.57925,0.52426,-1.60677,65.89929,-10.949658,-4.179158,0.543369,-2.59299,1.92039,-2.1191,50,5.97279,8.25428,-102.95767,-3.67462,-2.78148,17.19664,-30.11406,9c4da8e4-6466-4ad2-9dfa-2246b2929701,NA,NA,NA,NA,NA,811745,"Buchanan, Seth",NA,NA,NA,Right,NA,NA,NA,NA,NA,NA,NA,NA,NA,NA,NA,NA,NA,NA,NA,NA,4,2,VIR_KEY,2,Top,2,0,1,Curveball,BallCalled,Undefined,Undefined,Undefined,0,0,NA,VIR_KEY,VIR_KEY,GrayMinorStadium,TeamExclusive,Team,20251005-GrayMinorStadium-Private-2,ea2a79e0-a224-11f0-abbe-534ebe2a5eb0,69.36797,NA,NA,5.2641,NA,NA,NA,99557737-5fc5-48bd-a8f0-1ce0e5d8ac26,2025-10-05,19:53:07,2025-10-05T19:53:07Z,2025-10-05T19:53:07Z,NA,v3,471480,471480,NA,"Cardone, Benjamin",10082688,Right,VIR_KEY,55.30707,-103.8403,8.59832,6.12173,-2.12898,-15.05703,-2.54643,8.39704,-1.39074,NA,NA,NA,NA,NA,NA,NA,NA,NA,NA,NA,NA,NA,NA,NA,NA,NA,NA,NA,NA,NA,NA,NA,NA,NA,NA,NA,NA,NA,NA,NA,NA,NA,NA,NA,NA,NA,NA,NA,NA,NA,NA,NA,NA,NA,NA,NA,NA,NA,NA,High,High,High,NA,NA,NA,NA,NA
35,2025-10-05,15:53:24,"Perry, Max",1000301360,Right,VIR_KEY,Undefined,Fastball,NA,NA,80.20955,-2.476506,-3.266161,1972.613998,221.810156,01:30:00,6.32347,2.15758,5.17815,-31.70104,13.43536,10.60595,1.34623,-0.03519,73.10114,-8.295846,-1.389268,0.483543,-6.33666,7.89721,-1.86215,50,6.06891,6.19382,-116.04092,-6.08091,-8.56781,23.4128,-21.49626,bbb1b8e8-380b-494c-b34c-27b603e084ad,NA,NA,NA,NA,NA,811745,"Buchanan, Seth",NA,NA,NA,Right,NA,NA,NA,NA,NA,NA,NA,NA,NA,NA,NA,NA,NA,NA,NA,NA,4,3,VIR_KEY,2,Top,2,1,1,Changeup,FoulBallNotFieldable,Undefined,Undefined,Undefined,0,0,NA,VIR_KEY,VIR_KEY,GrayMinorStadium,TeamExclusive,Team,20251005-GrayMinorStadium-Private-2,f4c66350-a224-11f0-abbe-534ebe2a5eb0,77.9506,NA,NA,7.10841,NA,NA,NA,99557737-5fc5-48bd-a8f0-1ce0e5d8ac26,2025-10-05,19:53:24,2025-10-05T19:53:24Z,2025-10-05T19:53:24Z,NA,v3,471480,471480,NA,"Cardone, Benjamin",10082688,Right,VIR_KEY,55.32065,-117.10951,11.7064,6.32407,-5.09979,-10.74813,-2.15377,6.58487,-4.2839,NA,NA,NA,NA,NA,NA,NA,NA,NA,NA,NA,NA,NA,NA,NA,NA,NA,NA,NA,NA,NA,NA,NA,NA,NA,NA,NA,NA,NA,NA,NA,NA,NA,NA,NA,NA,NA,NA,NA,NA,NA,NA,NA,NA,NA,NA,NA,NA,NA,NA,High,High,High,NA,NA,NA,NA,NA
36,2025-10-05,15:53:53,"Perry, Max",1000301360,Right,VIR_KEY,Undefined,Fastball,NA,NA,81.82695,-3.391826,-5.84707,2111.734917,216.464964,01:15:00,6.25825,1.97853,5.13834,-28.10631,15.54477,10.37442,0.70174,-2.68193,74.74188,-8.54239,-4.024477,0.47552,-6.79969,9.15997,-1.43698,50,5.91723,11.62224,-117.85475,-7.96374,-9.53701,22.98034,-19.32658,78eaabf4-4c38-4d35-8947-30f64b54ce10,NA,NA,NA,NA,NA,811745,"Buchanan, Seth",NA,NA,NA,Right,NA,NA,NA,NA,NA,NA,NA,NA,NA,NA,NA,NA,NA,NA,NA,NA,4,4,VIR_KEY,2,Top,2,1,2,Changeup,BallCalled,Undefined,Undefined,Undefined,0,0,NA,VIR_KEY,VIR_KEY,GrayMinorStadium,TeamExclusive,Team,20251005-GrayMinorStadium-Private-2,059eaca0-a225-11f0-abbe-534ebe2a5eb0,79.2657,NA,NA,7.08507,NA,NA,NA,99557737-5fc5-48bd-a8f0-1ce0e5d8ac26,2025-10-05,19:53:53,2025-10-05T19:53:53Z,2025-10-05T19:53:53Z,NA,v3,471480,471480,NA,"Cardone, Benjamin",10082688,Right,VIR_KEY,55.35742,-118.8948,11.49017,6.25786,-7.08906,-9.66329,-1.97275,12.05387,-4.7685,NA,NA,NA,NA,NA,NA,NA,NA,NA,NA,NA,NA,NA,NA,NA,NA,NA,NA,NA,NA,NA,NA,NA,NA,NA,NA,NA,NA,NA,NA,NA,NA,NA,NA,NA,NA,NA,NA,NA,NA,NA,NA,NA,NA,NA,NA,NA,NA,NA,NA,High,High,High,NA,NA,NA,NA,NA
37,2025-10-05,15:54:22,"Perry, Max",1000301360,Right,VIR_KEY,Undefined,Fastball,NA,NA,82.24672,-2.254777,-3.701882,1928.723961,247.972328,02:15:00,6.34813,2.09925,5.26658,-34.89931,7.79894,15.68879,1.3162,-0.07573,75.15125,-8.629254,-0.920616,0.470302,-8.99934,4.97087,-1.77248,50,6.11575,7.05302,-119.02121,-5.90984,-12.83346,24.09486,-25.08534,b03699ac-d01a-4ac7-b4d6-c9ffbb3b0d70,NA,NA,NA,NA,NA,811745,"Buchanan, Seth",NA,NA,NA,Right,NA,NA,NA,NA,NA,NA,NA,NA,NA,NA,NA,NA,NA,NA,NA,NA,4,5,VIR_KEY,2,Top,2,2,2,Changeup,FoulBallNotFieldable,Undefined,Undefined,Undefined,0,0,NA,VIR_KEY,VIR_KEY,GrayMinorStadium,TeamExclusive,Team,20251005-GrayMinorStadium-Private-2,16cbf3c0-a225-11f0-abbe-534ebe2a5eb0,80.14525,NA,NA,7.09546,NA,NA,NA,99557737-5fc5-48bd-a8f0-1ce0e5d8ac26,2025-10-05,19:54:22,2025-10-05T19:54:22Z,2025-10-05T19:54:22Z,NA,v3,471480,471480,NA,"Cardone, Benjamin",10082688,Right,VIR_KEY,55.23299,-120.07592,12.04743,6.35041,-4.81178,-12.54267,-2.09351,7.61477,-6.41673,NA,NA,NA,NA,NA,NA,NA,NA,NA,NA,NA,NA,NA,NA,NA,NA,NA,NA,NA,NA,NA,NA,NA,NA,NA,NA,NA,NA,NA,NA,NA,NA,NA,NA,NA,NA,NA,NA,NA,NA,NA,NA,NA,NA,NA,NA,NA,NA,NA,NA,High,High,High,NA,NA,NA,NA,NA
38,2025-10-05,15:54:50,"Perry, Max",1000301360,Right,VIR_KEY,Undefined,Slider,NA,NA,71.61536,0.723511,-4.986804,1858.680985,132.00318,10:30:00,6.11198,2.72793,5.28779,-48.83877,7.90697,-6.61414,2.7241,-2.51785,65.28039,-8.18704,-6.151876,0.542173,1.74,4.34496,-2.26761,50,6.14303,9.26853,-103.41069,-0.18134,1.86329,19.02681,-27.52117,20fcef2a-bfbe-4f77-80d7-be0138e1dd91,NA,NA,NA,NA,NA,811745,"Buchanan, Seth",NA,NA,NA,Right,NA,NA,NA,NA,NA,NA,NA,NA,NA,NA,NA,NA,NA,NA,NA,NA,4,6,VIR_KEY,2,Top,2,2,2,Slider,BallCalled,Undefined,Undefined,Undefined,0,0,NA,VIR_KEY,VIR_KEY,GrayMinorStadium,TeamExclusive,Team,20251005-GrayMinorStadium-Private-2,27ccfac0-a225-11f0-abbe-534ebe2a5eb0,69.52105,NA,NA,6.33497,NA,NA,NA,99557737-5fc5-48bd-a8f0-1ce0e5d8ac26,2025-10-05,19:54:50,2025-10-05T19:54:50Z,2025-10-05T19:54:50Z,NA,v3,471480,471480,NA,"Cardone, Benjamin",10082688,Right,VIR_KEY,55.20754,-104.36445,9.51341,6.11754,1.19821,-13.76059,-2.72987,9.17513,0.93164,NA,NA,NA,NA,NA,NA,NA,NA,NA,NA,NA,NA,NA,NA,NA,NA,NA,NA,NA,NA,NA,NA,NA,NA,NA,NA,NA,NA,NA,NA,NA,NA,NA,NA,NA,NA,NA,NA,NA,NA,NA,NA,NA,NA,NA,NA,NA,NA,NA,NA,High,High,High,NA,NA,NA,NA,NA
39,2025-10-05,15:55:08,"Perry, Max",1000301360,Right,VIR_KEY,Undefined,Fastball,NA,NA,79.12856,-0.783275,-1.929741,1959.884219,228.944414,01:45:00,6.30259,2.19174,5.37273,-34.30691,11.84115,11.67615,2.70887,1.35485,71.60121,-7.131922,0.14644,0.488932,-6.41866,6.69508,-2.0271,50,6.20864,3.38026,-114.60558,-2.67792,-8.42126,23.85537,-23.39009,79a53019-8745-4d4e-a3be-98d63fded92d,NA,NA,NA,NA,NA,811745,"Buchanan, Seth",NA,NA,NA,Right,NA,NA,NA,NA,NA,NA,NA,NA,NA,NA,NA,NA,NA,NA,NA,NA,4,7,VIR_KEY,2,Top,2,3,2,Changeup,BallCalled,Walk,Undefined,Undefined,0,0,NA,VIR_KEY,VIR_KEY,GrayMinorStadium,TeamExclusive,Team,20251005-GrayMinorStadium-Private-2,324c0d60-a225-11f0-abbe-534ebe2a5eb0,77.09143,NA,NA,7.52735,NA,NA,NA,99557737-5fc5-48bd-a8f0-1ce0e5d8ac26,2025-10-05,19:55:08,2025-10-05T19:55:08Z,2025-10-05T19:55:08Z,NA,v3,471480,471480,NA,"Cardone, Benjamin",10082688,Right,VIR_KEY,55.12182,-115.66679,11.92769,6.30463,-1.63741,-11.69504,-2.1858,3.75488,-4.21063,NA,NA,NA,NA,NA,NA,NA,NA,NA,NA,NA,NA,NA,NA,NA,NA,NA,NA,NA,NA,NA,NA,NA,NA,NA,NA,NA,NA,NA,NA,NA,NA,NA,NA,NA,NA,NA,NA,NA,NA,NA,NA,NA,NA,NA,NA,NA,NA,NA,NA,High,High,High,NA,NA,NA,NA,NA
40,2025-10-05,15:56:05,"Perry, Max",1000301360,Right,VIR_KEY,Undefined,Fastball,NA,NA,78.51258,-0.825112,-3.53795,1962.306119,245.784069,02:15:00,6.22689,2.21763,5.21846,-38.63589,8.68504,15.43198,2.2299,0.17289,70.99019,-7.921094,-0.805595,0.495106,-8.90319,5.07323,-1.90301,50,6.12193,6.40379,-113.57323,-2.92336,-11.44421,23.88217,-25.65287,cda57a16-508e-49e8-825d-97c562c1145a,NA,NA,NA,NA,42.353151,10123166,"Tyndall, Eli",NA,NA,66.79487,Left,-14.324519,NA,NA,NA,10.84544,9.68249,0.091854,30.744446,2.85605,2.23393,-0.34949,NA,NA,NA,NA,NA,5,1,VIR_KEY,2,Top,2,0,0,Changeup,InPlay,Undefined,GroundBall,Out,1,0,NA,VIR_KEY,VIR_KEY,GrayMinorStadium,TeamExclusive,Team,20251005-GrayMinorStadium-Private-2,5479e650-a225-11f0-abbe-534ebe2a5eb0,76.13005,2.23393,NA,7.5224,NA,NA,NA,99557737-5fc5-48bd-a8f0-1ce0e5d8ac26,2025-10-05,19:56:05,2025-10-05T19:56:05Z,2025-10-05T19:56:05Z,GroundBall,v3,471480,471480,NA,"Cardone, Benjamin",10082688,Right,VIR_KEY,55.27959,-114.67804,11.94109,6.22972,-1.73663,-12.82644,-2.2115,6.93321,-5.7221,180,2.85253,70.3849,NA,NA,NA,NA,NA,NA,NA,2.23514,-24.32045,NA,NA,NA,NA,NA,NA,NA,-0.3527,64.16479,NA,NA,NA,NA,NA,NA,NA,NA,NA,NA,NA,NA,NA,NA,NA,NA,NA,NA,NA,NA,NA,NA,NA,NA,NA,NA,NA,NA,NA,High,High,High,Low,Low,NA,NA,NA
41,2025-10-05,16:01:53,"Sipe, Hunter",1000230997,Left,VIR_KEY,Undefined,Sinker,NA,NA,78.61365,1.00861,4.236328,1973.316803,84.366241,08:45:00,4.44674,-2.74441,5.01215,-47.62782,-0.32858,-19.89218,1.43243,-0.39638,71.42316,-7.636493,0.731952,0.494992,11.11249,0.01551,2.35435,50,4.5053,-7.59238,-113.70554,0.30027,14.42837,22.45439,-32.1539,d7cf9ea7-02f3-443b-bcbe-318b2111c4be,NA,NA,NA,NA,NA,10249608,"Albright, Ayden",NA,NA,NA,Right,NA,NA,NA,NA,NA,NA,NA,NA,NA,NA,NA,NA,NA,NA,NA,NA,1,1,VIR_KEY,2,Bottom,0,0,0,Changeup,StrikeCalled,Undefined,Undefined,Undefined,0,0,NA,VIR_KEY,VIR_KEY,GrayMinorStadium,TeamExclusive,Team,20251005-GrayMinorStadium-Private-2,23a49150-a226-11f0-abbe-534ebe2a5eb0,76.14752,NA,NA,7.19049,NA,NA,NA,99557737-5fc5-48bd-a8f0-1ce0e5d8ac26,2025-10-05,20:01:53,2025-10-05T20:01:53Z,2025-10-05T20:01:53Z,NA,v3,471480,471480,NA,"Slater, Will",10088614,Right,VIR_KEY,55.48762,-114.7841,11.22719,4.45378,1.84474,-16.07695,2.73569,-8.28542,7.21418,NA,NA,NA,NA,NA,NA,NA,NA,NA,NA,NA,NA,NA,NA,NA,NA,NA,NA,NA,NA,NA,NA,NA,NA,NA,NA,NA,NA,NA,NA,NA,NA,NA,NA,NA,NA,NA,NA,NA,NA,NA,NA,NA,NA,NA,NA,NA,NA,NA,NA,High,High,High,NA,NA,NA,NA,NA
42,2025-10-05,16:02:09,"Sipe, Hunter",1000230997,Left,VIR_KEY,Undefined,Fastball,NA,NA,79.56713,1.157143,4.872668,2055.969792,119.659783,10:00:00,4.50171,-2.94087,4.94783,-35.0812,10.97335,-16.63032,2.67584,0.28888,72.47244,-5.260417,1.955413,0.488436,9.60268,5.52587,2.48163,50,4.58577,-9.10842,-115.01541,1.11395,12.85874,21.39832,-24.77447,bb8f6c8b-6d7c-433b-aaaa-c6d73dc9c5b4,NA,NA,NA,NA,54.978018,10249608,"Albright, Ayden",2986.553992,NA,70.69838,Right,7.396335,NA,NA,NA,102.37455,101.05254,1.093482,57.900728,0.9224,2.58525,-0.28203,NA,NA,NA,NA,NA,1,2,VIR_KEY,2,Bottom,0,0,1,Changeup,FoulBallNotFieldable,Undefined,Undefined,Undefined,0,0,NA,VIR_KEY,VIR_KEY,GrayMinorStadium,TeamExclusive,Team,20251005-GrayMinorStadium-Private-2,2da3eca0-a226-11f0-abbe-534ebe2a5eb0,77.16964,5.60652,NA,7.09469,NA,NA,NA,99557737-5fc5-48bd-a8f0-1ce0e5d8ac26,2025-10-05,20:02:09,2025-10-05T20:02:09Z,2025-10-05T20:02:09Z,GroundBall,v3,471480,471480,NA,"Slater, Will",10088614,Right,VIR_KEY,55.55121,-116.04361,10.69916,4.50365,2.30436,-12.38723,2.93414,-9.72628,6.42937,NA,0.9224,59.01204,-11.21331,2.19109,-0.42483,0.07681,-0.01422,0.00251,-2.6e-4,2.58525,13.34834,-15.04323,0.70203,-0.09542,0.01663,-0.00116,2.3e-4,-5e-5,-0.28203,84.20915,-5.03558,0.85811,-0.14252,0.02126,-0.00363,6.5e-4,-7e-5,NA,NA,NA,NA,NA,NA,NA,NA,NA,NA,NA,NA,NA,NA,NA,NA,NA,NA,NA,NA,NA,NA,High,High,High,High,High,NA,NA,NA
43,2025-10-05,16:02:28,"Sipe, Hunter",1000230997,Left,VIR_KEY,Undefined,Slider,NA,NA,72.46613,0.479998,1.602994,2052.488504,242.604667,02:00:00,4.23146,-2.88755,4.97375,-51.44278,4.18855,4.38563,0.39812,-1.00765,66.12079,-8.857256,2.377312,0.536823,-1.67291,2.50134,2.72895,50,4.23613,-3.10705,-104.98208,-0.80544,-1.84814,19.44908,-29.4107,4439047a-0f8f-4ced-beb1-49d0d798de91,NA,NA,NA,NA,NA,10249608,"Albright, Ayden",NA,NA,NA,Right,NA,NA,NA,NA,NA,NA,NA,NA,NA,NA,NA,NA,NA,NA,NA,NA,1,3,VIR_KEY,2,Bottom,0,0,2,Curveball,BallCalled,Undefined,Undefined,Undefined,0,0,NA,VIR_KEY,VIR_KEY,GrayMinorStadium,TeamExclusive,Team,20251005-GrayMinorStadium-Private-2,38af12a0-a226-11f0-abbe-534ebe2a5eb0,70.21391,NA,NA,6.34534,NA,NA,NA,99557737-5fc5-48bd-a8f0-1ce0e5d8ac26,2025-10-05,20:02:28,2025-10-05T20:02:28Z,2025-10-05T20:02:28Z,NA,v3,471480,471480,NA,"Slater, Will",10088614,Right,VIR_KEY,55.52311,-106.00036,9.72454,4.23799,0.73439,-14.70535,2.88909,-3.01029,-0.92407,NA,NA,NA,NA,NA,NA,NA,NA,NA,NA,NA,NA,NA,NA,NA,NA,NA,NA,NA,NA,NA,NA,NA,NA,NA,NA,NA,NA,NA,NA,NA,NA,NA,NA,NA,NA,NA,NA,NA,NA,NA,NA,NA,NA,NA,NA,NA,NA,NA,NA,High,High,High,NA,NA,NA,NA,NA
44,2025-10-05,16:02:53,"Sipe, Hunter",1000230997,Left,VIR_KEY,Undefined,Sinker,NA,NA,81.67479,1.140111,5.786277,2218.886276,96.263505,09:15:00,4.5197,-2.79833,5.16195,-40.01353,3.22547,-17.1654,2.26397,1.23599,74.83348,-6.132315,2.769036,0.47327,10.20882,1.61913,2.27096,50,4.59555,-11.26222,-118.04571,0.93621,14.46844,21.54535,-29.87935,2d32d509-802e-4d14-ae52-6333d39c04be,NA,NA,NA,NA,NA,10249608,"Albright, Ayden",NA,NA,NA,Right,NA,NA,NA,NA,NA,NA,NA,NA,NA,NA,NA,NA,NA,NA,NA,NA,1,4,VIR_KEY,2,Bottom,0,1,2,Changeup,BallCalled,Undefined,Undefined,Undefined,0,0,NA,VIR_KEY,VIR_KEY,GrayMinorStadium,TeamExclusive,Team,20251005-GrayMinorStadium-Private-2,475560c0-a226-11f0-abbe-534ebe2a5eb0,79.64251,NA,NA,6.84131,NA,NA,NA,99557737-5fc5-48bd-a8f0-1ce0e5d8ac26,2025-10-05,20:02:53,2025-10-05T20:02:53Z,2025-10-05T20:02:53Z,NA,v3,471480,471480,NA,"Slater, Will",10088614,Right,VIR_KEY,55.34017,-119.01639,10.77267,4.52305,2.28236,-14.93968,2.79304,-11.91407,7.23422,NA,NA,NA,NA,NA,NA,NA,NA,NA,NA,NA,NA,NA,NA,NA,NA,NA,NA,NA,NA,NA,NA,NA,NA,NA,NA,NA,NA,NA,NA,NA,NA,NA,NA,NA,NA,NA,NA,NA,NA,NA,NA,NA,NA,NA,NA,NA,NA,NA,NA,High,High,High,NA,NA,NA,NA,NA
45,2025-10-05,16:03:08,"Sipe, Hunter",1000230997,Left,VIR_KEY,Undefined,Fastball,NA,NA,79.82794,1.166629,4.415124,2024.094933,119.107194,10:00:00,4.38282,-2.90305,5.23108,-34.31612,11.45386,-17.58725,2.62321,-0.21013,71.8591,-5.183493,1.310103,0.486925,10.24516,5.79614,2.50978,50,4.46538,-8.19086,-115.36657,1.22283,13.61631,24.23749,-24.47072,fcd900d1-f09f-4044-8289-137820baed2b,NA,NA,NA,NA,-27.72515,10249608,"Albright, Ayden",2374.793672,NA,79.94704,Right,18.454491,94.14818,23.75382,-56.88594,214.55083,214.55083,2.514513,-34.952183,2.65224,2.79368,0.20437,NA,NA,NA,NA,NA,1,5,VIR_KEY,2,Bottom,0,2,2,Changeup,InPlay,Undefined,LineDrive,Single,0,0,NA,VIR_KEY,VIR_KEY,GrayMinorStadium,TeamExclusive,Team,20251005-GrayMinorStadium-Private-2,50caf2a0-a226-11f0-abbe-534ebe2a5eb0,77.40918,23.78568,NA,7.96884,NA,NA,NA,99557737-5fc5-48bd-a8f0-1ce0e5d8ac26,2025-10-05,20:03:08,2025-10-05T20:03:08Z,2025-10-05T20:03:08Z,LineDrive,v3,471480,471480,NA,"Slater, Will",10088614,Right,VIR_KEY,55.26718,-116.4679,12.11875,4.38456,2.33476,-12.23536,2.89602,-8.80957,6.80816,119.923355,2.65227,98.45389,-19.40163,4.85623,-1.02102,0.12335,0.01285,-0.00945,0.00142,2.79364,37.11994,-17.49123,1.01059,-0.12181,0.10373,-0.06314,0.01984,-0.00239,0.20436000000000001,-51.74538,-0.11963,1.22085,-0.52687,0.16112,-0.04063,0.0069,-5.7e-4,NA,NA,NA,NA,NA,NA,NA,NA,NA,NA,NA,NA,NA,NA,NA,NA,NA,NA,NA,NA,NA,NA,High,High,High,High,High,NA,NA,NA
46,2025-10-05,16:03:48,"Sipe, Hunter",1000230997,Left,VIR_KEY,Undefined,Fastball,NA,NA,80.91761,0.842004,3.633276,2082.84503,112.67041,09:45:00,4.48238,-2.69134,5.0829,-36.22896,8.05284,-15.76414,2.25864,-0.57569,73.64512,-5.792787,0.852865,0.478943,8.91827,4.16429,2.36018,50,4.5339,-6.77973,-117.16308,0.45344,12.34988,22.9146,-26.40741,5cd82597-bf33-43c9-a043-eec34a3b6cb4,NA,NA,NA,NA,-11.914529,1000433148,"Jordan, Kazuya",1132.872313,NA,99.8356,Right,8.707115,107.09899,7.66248,-25.09409,162.63938,134.24229,1.309158,-14.182555,1.83724,2.36314,0.6015,NA,NA,NA,NA,NA,2,1,VIR_KEY,2,Bottom,0,0,0,Changeup,InPlay,Undefined,LineDrive,Out,1,0,NA,VIR_KEY,VIR_KEY,GrayMinorStadium,TeamExclusive,Team,20251005-GrayMinorStadium-Private-2,6889e590-a226-11f0-abbe-534ebe2a5eb0,78.69919,8.72255,NA,7.27249,NA,NA,NA,99557737-5fc5-48bd-a8f0-1ce0e5d8ac26,2025-10-05,20:03:48,2025-10-05T20:03:48Z,2025-10-05T20:03:48Z,LineDrive,v3,471480,471480,NA,"Slater, Will",10088614,Right,VIR_KEY,55.41637,-118.21766,11.4573,4.48507,1.66876,-13.2037,2.68528,-7.3481,6.17494,83.228605,1.83724,141.6196,-22.1597,4.86892,-1.08986,0.22463,-0.03411,-5.5e-4,0.00117,2.36314,22.16641,-20.31813,1.92303,-0.38431,0.0923,-0.03102,0.01112,-0.00202,0.6015,-29.88149,-1.72624,1.05958,-0.33735,0.06722,0.00611,-0.01078,0.0027,NA,NA,NA,NA,NA,NA,NA,NA,NA,NA,NA,NA,NA,NA,NA,NA,NA,NA,NA,NA,NA,NA,High,High,High,High,High,NA,NA,NA
47,2025-10-05,16:04:45,"Sipe, Hunter",1000230997,Left,VIR_KEY,Undefined,Slider,NA,NA,73.40538,2.779839,2.322615,2087.041982,245.392908,02:15:00,4.16258,-2.94064,4.87481,-51.58471,3.77646,3.57512,2.49846,-0.44377,65.64226,-6.64585,2.950848,0.535518,-0.93319,1.56024,2.70906,50,4.39352,-4.4431,-105.95756,3.4166,-1.03574,22.10699,-30.44237,19f91a90-d886-4e59-bc80-55e4b5862e1b,NA,NA,NA,NA,NA,10293945,"Cook, Cole",NA,NA,NA,Right,NA,NA,NA,NA,NA,NA,NA,NA,NA,NA,NA,NA,NA,NA,NA,NA,3,1,VIR_KEY,2,Bottom,1,0,0,Curveball,StrikeCalled,Undefined,Undefined,Undefined,0,0,NA,VIR_KEY,VIR_KEY,GrayMinorStadium,TeamExclusive,Team,20251005-GrayMinorStadium-Private-2,8a1b3060-a226-11f0-abbe-534ebe2a5eb0,70.38502,NA,NA,7.76311,NA,NA,NA,99557737-5fc5-48bd-a8f0-1ce0e5d8ac26,2025-10-05,20:04:45,2025-10-05T20:04:45Z,2025-10-05T20:04:45Z,NA,v3,471480,471480,NA,"Slater, Will",10088614,Right,VIR_KEY,55.61834,-107.12335,11.05349,4.17102,5.02196,-15.22118,2.94192,-4.38848,-0.51787,NA,NA,NA,NA,NA,NA,NA,NA,NA,NA,NA,NA,NA,NA,NA,NA,NA,NA,NA,NA,NA,NA,NA,NA,NA,NA,NA,NA,NA,NA,NA,NA,NA,NA,NA,NA,NA,NA,NA,NA,NA,NA,NA,NA,NA,NA,NA,NA,NA,NA,High,High,High,NA,NA,NA,NA,NA
48,2025-10-05,16:06:19,"Sipe, Hunter",1000230997,Left,VIR_KEY,Undefined,Slider,NA,NA,73.13417,2.353087,1.2985120000000001,2023.131347,179.781494,12:00:00,4.0611,-3.03509,5.16832,-49.4018,5.43894,-0.01287,2.16062,-1.81391,65.67945,-6.726836,1.29623,0.532995,0.44343,2.54929,2.91409,50,4.24355,-2.3969,-105.76524,2.76543,0.49224,21.40471,-29.34416,c4952d84-a884-411a-8022-900aa4fb0681,NA,NA,NA,NA,NA,10293945,"Cook, Cole",NA,NA,NA,Right,NA,NA,NA,NA,NA,NA,NA,NA,NA,NA,NA,NA,NA,NA,NA,NA,3,2,VIR_KEY,2,Bottom,1,0,1,Curveball,BallCalled,Undefined,Undefined,Undefined,0,0,NA,VIR_KEY,VIR_KEY,GrayMinorStadium,TeamExclusive,Team,20251005-GrayMinorStadium-Private-2,c26325e0-a226-11f0-abbe-534ebe2a5eb0,70.7182,NA,NA,7.45472,NA,NA,NA,99557737-5fc5-48bd-a8f0-1ce0e5d8ac26,2025-10-05,20:06:19,2025-10-05T20:06:19Z,2025-10-05T20:06:19Z,NA,v3,471480,471480,NA,"Slater, Will",10088614,Right,VIR_KEY,55.32558,-106.8376,10.70236,4.06818,4.23554,-14.67208,3.03479,-2.42156,0.24612,NA,NA,NA,NA,NA,NA,NA,NA,NA,NA,NA,NA,NA,NA,NA,NA,NA,NA,NA,NA,NA,NA,NA,NA,NA,NA,NA,NA,NA,NA,NA,NA,NA,NA,NA,NA,NA,NA,NA,NA,NA,NA,NA,NA,NA,NA,NA,NA,NA,NA,High,High,High,NA,NA,NA,NA,NA
49,2025-10-05,16:06:35,"Sipe, Hunter",1000230997,Left,VIR_KEY,Undefined,Sinker,NA,NA,79.19427,0.675085,2.088521,2025.160905,109.315909,09:45:00,4.36853,-2.85969,5.0815,-40.05746,6.52922,-13.84717,1.66721,-2.04405,71.5521,-6.669609,-0.359654,0.49125,7.48701,3.54059,2.67313,50,4.40149,-3.59395,-114.65974,-0.04453,9.83065,23.90975,-27.52515,0e6bdb34-5c24-48ef-8a31-24861ff3a2aa,NA,NA,NA,NA,NA,10293945,"Cook, Cole",NA,NA,NA,Right,NA,NA,NA,NA,NA,NA,NA,NA,NA,NA,NA,NA,NA,NA,NA,NA,3,3,VIR_KEY,2,Bottom,1,1,1,Changeup,BallCalled,Undefined,Undefined,Undefined,0,0,NA,VIR_KEY,VIR_KEY,GrayMinorStadium,TeamExclusive,Team,20251005-GrayMinorStadium-Private-2,cbe69a70-a226-11f0-abbe-534ebe2a5eb0,76.72766,NA,NA,7.64216,NA,NA,NA,99557737-5fc5-48bd-a8f0-1ce0e5d8ac26,2025-10-05,20:06:35,2025-10-05T20:06:35Z,2025-10-05T20:06:35Z,NA,v3,471480,471480,NA,"Slater, Will",10088614,Right,VIR_KEY,55.41425,-115.78326,11.95488,4.3732,1.24887,-13.76258,2.85286,-4.0559,4.91532,NA,NA,NA,NA,NA,NA,NA,NA,NA,NA,NA,NA,NA,NA,NA,NA,NA,NA,NA,NA,NA,NA,NA,NA,NA,NA,NA,NA,NA,NA,NA,NA,NA,NA,NA,NA,NA,NA,NA,NA,NA,NA,NA,NA,NA,NA,NA,NA,NA,NA,High,High,High,NA,NA,NA,NA,NA
50,2025-10-05,16:06:54,"Sipe, Hunter",1000230997,Left,VIR_KEY,Undefined,Fastball,NA,NA,80.75351,2.327185,2.174331,1975.295641,112.065769,09:45:00,4.47615,-2.85368,5.13955,-37.91289,7.46563,-13.95127,3.51084,-1.96792,71.7202,-4.691841,-0.29149,0.484838,7.6002,3.43512,2.66085,50,4.6661,-3.81044,-116.62508,3.42064,10.18861,27.38092,-27.56901,2368285c-daec-4abb-8cf8-842781f64179,NA,NA,NA,NA,NA,10293945,"Cook, Cole",NA,NA,NA,Right,NA,NA,NA,NA,NA,NA,NA,NA,NA,NA,NA,NA,NA,NA,NA,NA,3,4,VIR_KEY,2,Bottom,1,2,1,Changeup,BallCalled,Undefined,Undefined,Undefined,0,0,NA,VIR_KEY,VIR_KEY,GrayMinorStadium,TeamExclusive,Team,20251005-GrayMinorStadium-Private-2,d72c7f80-a226-11f0-abbe-534ebe2a5eb0,77.74234,NA,NA,9.03331,NA,NA,NA,99557737-5fc5-48bd-a8f0-1ce0e5d8ac26,2025-10-05,20:06:54,2025-10-05T20:06:54Z,2025-10-05T20:06:54Z,NA,v3,471480,471480,NA,"Slater, Will",10088614,Right,VIR_KEY,55.35242,-117.87501,13.69046,4.48123,4.67916,-13.78451,2.84541,-4.27555,5.0943,NA,NA,NA,NA,NA,NA,NA,NA,NA,NA,NA,NA,NA,NA,NA,NA,NA,NA,NA,NA,NA,NA,NA,NA,NA,NA,NA,NA,NA,NA,NA,NA,NA,NA,NA,NA,NA,NA,NA,NA,NA,NA,NA,NA,NA,NA,NA,NA,NA,NA,High,High,High,NA,NA,NA,NA,NA
51,2025-10-05,16:07:17,"Sipe, Hunter",1000230997,Left,VIR_KEY,Undefined,Fastball,NA,NA,79.84799,1.448609,4.399418,2103.796029,118.375083,10:00:00,4.42035,-2.7502,5.32651,-36.3525,8.72957,-13.44292,2.75459,0.26589,72.71017,-5.236823,2.022777,0.483252,7.93083,4.41559,2.36158,50,4.52581,-8.33255,-115.51605,1.70993,10.70339,21.75903,-26.21481,3c8e8cc4-891b-4104-ba6a-9f2fca259ee2,NA,NA,NA,NA,NA,10293945,"Cook, Cole",NA,NA,NA,Right,NA,NA,NA,NA,NA,NA,NA,NA,NA,NA,NA,NA,NA,NA,NA,NA,3,5,VIR_KEY,2,Bottom,1,3,1,Changeup,StrikeCalled,Undefined,Undefined,Undefined,0,0,NA,VIR_KEY,VIR_KEY,GrayMinorStadium,TeamExclusive,Team,20251005-GrayMinorStadium-Private-2,e4bdb420-a226-11f0-abbe-534ebe2a5eb0,77.99755,NA,NA,7.13782,NA,NA,NA,99557737-5fc5-48bd-a8f0-1ce0e5d8ac26,2025-10-05,20:07:17,2025-10-05T20:07:17Z,2025-10-05T20:07:17Z,NA,v3,471480,471480,NA,"Slater, Will",10088614,Right,VIR_KEY,55.1709,-116.48599,10.87951,4.42354,2.87849,-13.10741,2.74365,-8.80967,5.35169,NA,NA,NA,NA,NA,NA,NA,NA,NA,NA,NA,NA,NA,NA,NA,NA,NA,NA,NA,NA,NA,NA,NA,NA,NA,NA,NA,NA,NA,NA,NA,NA,NA,NA,NA,NA,NA,NA,NA,NA,NA,NA,NA,NA,NA,NA,NA,NA,NA,NA,High,High,High,NA,NA,NA,NA,NA
52,2025-10-05,16:07:40,"Sipe, Hunter",1000230997,Left,VIR_KEY,Undefined,Slider,NA,NA,74.8231,1.932126,1.834226,2063.92629,205.719741,12:45:00,4.17901,-2.7784,5.09241,-47.38026,5.35737,1.59854,2.05319,-0.91595,66.98105,-6.771882,2.116618,0.522675,-0.15319,2.51921,2.60366,50,4.32505,-3.52711,-108.17996,2.10156,-0.17704,23.23675,-29.26276,18837ca8-67db-4a10-bf85-1b2ef9db09e6,NA,NA,NA,NA,-11.723503,10293945,"Cook, Cole",NA,NA,75.21793,Right,46.378524,109.00305,88.17006,-14.77605,235.90811,225.98003,4.993101,-7.023275,2.35048,2.33325,0.93195,NA,NA,NA,NA,NA,3,6,VIR_KEY,2,Bottom,1,3,2,Curveball,InPlay,Undefined,FlyBall,Out,1,0,NA,VIR_KEY,VIR_KEY,GrayMinorStadium,TeamExclusive,Team,20251005-GrayMinorStadium-Private-2,f2e77f40-a226-11f0-abbe-534ebe2a5eb0,72.1145,91.22132,NA,7.84205,NA,NA,NA,99557737-5fc5-48bd-a8f0-1ce0e5d8ac26,2025-10-05,20:07:40,2025-10-05T20:07:40Z,2025-10-05T20:07:40Z,FlyBall,v3,471480,471480,NA,"Slater, Will",10088614,Right,VIR_KEY,55.40343,-109.33444,11.61838,4.18452,3.55543,-14.63138,2.77869,-3.51832,-0.08852,195.515484,2.34966,74.52542,-15.87305,4.44491,-0.83888,0.07161,0.00826,-0.00231,1.3e-4,2.33174,79.8974,-20.70838,1.55977,-0.1913,-0.0067,0.01776,-0.0044,3.2e-4,0.93268,-15.47401,6.80858,-2.3769,0.55737,-0.07689,0.00146,9.6e-4,-8e-5,NA,NA,NA,NA,NA,NA,NA,NA,NA,NA,NA,NA,NA,NA,NA,NA,NA,NA,NA,NA,NA,NA,High,High,High,High,High,NA,NA,NA
53,2025-10-05,16:08:20,"Sipe, Hunter",1000230997,Left,VIR_KEY,Undefined,Slider,NA,NA,74.1597,2.29156,2.304736,2096.980591,180.550382,12:00:00,4.07915,-3.04264,5.02052,-48.422110000000004,5.10654,0.03024,2.20941,-0.864,66.76824,-6.57042,2.310063,0.52658,0.73945,2.38602,2.82182,50,4.26059,-4.31587,-107.2045,2.68763,0.84604,21.44295,-29.44403,e15672e5-05c8-40ba-bbf8-9908149e2049,NA,NA,NA,NA,NA,10082688,"Cardone, Benjamin",NA,NA,NA,Right,NA,NA,NA,NA,NA,NA,NA,NA,NA,NA,NA,NA,NA,NA,NA,NA,4,1,VIR_KEY,2,Bottom,2,0,0,Curveball,BallCalled,Undefined,Undefined,Undefined,0,0,NA,VIR_KEY,VIR_KEY,GrayMinorStadium,TeamExclusive,Team,20251005-GrayMinorStadium-Private-2,0a397f90-a227-11f0-abbe-534ebe2a5eb0,71.57965,NA,NA,7.39145,NA,NA,NA,99557737-5fc5-48bd-a8f0-1ce0e5d8ac26,2025-10-05,20:08:20,2025-10-05T20:08:20Z,2025-10-05T20:08:20Z,NA,v3,471480,471480,NA,"Slater, Will",10088614,Right,VIR_KEY,55.47384,-108.29384,10.72148,4.08606,4.18344,-14.72201,3.04216,-4.35885,0.42302,NA,NA,NA,NA,NA,NA,NA,NA,NA,NA,NA,NA,NA,NA,NA,NA,NA,NA,NA,NA,NA,NA,NA,NA,NA,NA,NA,NA,NA,NA,NA,NA,NA,NA,NA,NA,NA,NA,NA,NA,NA,NA,NA,NA,NA,NA,NA,NA,NA,NA,High,High,High,NA,NA,NA,NA,NA
54,2025-10-05,16:08:57,"Sipe, Hunter",1000230997,Left,VIR_KEY,Undefined,Fastball,NA,NA,79.57883,1.274001,3.118525,2002.207786,116.55238,10:00:00,4.43555,-2.83076,5.15964,-36.69423,9.93272,-16.16717,2.57885,-1.23977,70.88106,-5.528235,0.26134,0.491462,9.14063,5.00107,2.55252,50,4.52726,-5.58417,-114.97313,1.32953,11.91678,26.48454,-25.65407,84df42a6-d913-46b1-ac5f-d61f696f412e,NA,NA,NA,NA,155.006619,10082688,"Cardone, Benjamin",4471.654419,NA,63.9403,Right,49.189201,NA,NA,NA,NA,30.26354,NA,NA,0.61278,2.54508,1.21025,NA,NA,NA,NA,NA,4,2,VIR_KEY,2,Bottom,2,1,0,Changeup,FoulBallNotFieldable,Undefined,Undefined,Undefined,0,0,NA,VIR_KEY,VIR_KEY,GrayMinorStadium,TeamExclusive,Team,20251005-GrayMinorStadium-Private-2,20bce540-a227-11f0-abbe-534ebe2a5eb0,76.69453,31.61925,NA,8.69776,NA,NA,NA,99557737-5fc5-48bd-a8f0-1ce0e5d8ac26,2025-10-05,20:08:57,2025-10-05T20:08:57Z,2025-10-05T20:08:57Z,NA,v3,471480,471480,NA,"Slater, Will",10088614,Right,VIR_KEY,55.33544,-116.19567,13.24227,4.43856,2.51374,-12.82704,2.82298,-6.13426,5.95839,357.531975,0.61278,-55.55097,2.11854,0.6527,-0.55104,1.61718,-3.73199,4.51344,-2.13552,2.54508,70.97875,-28.25212,3.47562,-1.31864,2.77886,-6.29332,7.51002,-3.48428,1.21025,25.89602,-1.39445,-0.40301,0.3444,-1.0125,2.33652,-2.82616,1.33751,NA,NA,NA,NA,NA,NA,NA,NA,NA,NA,NA,NA,NA,NA,NA,NA,NA,NA,NA,NA,NA,NA,High,High,High,High,Undefined,NA,NA,NA
55,2025-10-05,16:09:21,"Sipe, Hunter",1000230997,Left,VIR_KEY,Undefined,Slider,NA,NA,74.73139,2.95172,2.880297,2045.239654,270.339009,03:00:00,4.17128,-2.83562,5.05338,-50.77936,1.88032,2.22181,2.72948,0.06827,67.33839,-6.319069,3.27167,0.522288,-0.16559,0.50264,2.55938,50,4.41266,-5.5209,-107.98687,3.87837,-0.19241,21.61891,-31.59005,ef73f502-866e-4566-8d70-d2c3be754d41,NA,NA,NA,NA,-11.98162,10082688,"Cardone, Benjamin",5245.535698,NA,90.71519,Right,46.441307,108.18034,110.80635,-19.92522,282.58334,280.20363,5.994421,-9.101592,1.17078,2.92661,-0.09297,NA,NA,NA,NA,NA,4,3,VIR_KEY,2,Bottom,2,1,1,Curveball,InPlay,Undefined,FlyBall,Out,1,0,NA,VIR_KEY,VIR_KEY,GrayMinorStadium,TeamExclusive,Team,20251005-GrayMinorStadium-Private-2,2ee577e0-a227-11f0-abbe-534ebe2a5eb0,72.16786,131.89155,NA,7.393,NA,NA,NA,99557737-5fc5-48bd-a8f0-1ce0e5d8ac26,2025-10-05,20:09:21,2025-10-05T20:09:21Z,2025-10-05T20:09:21Z,FlyBall,v3,471480,471480,NA,"Slater, Will",10088614,Right,VIR_KEY,55.44354,-109.07122,10.80946,4.17839,5.46285,-15.79502,2.83605,-5.51125,-0.09621,184.953153,1.17996,89.51568,-22.7292,5.91257,-0.88322,0.02008,0.01738,-0.00265,1.2e-4,2.92095,96.50121,-20.79332,1.07529,0.10751,-0.11324,0.03453,-0.00491,2.6e-4,-0.09509,-18.99258,6.59443,-1.89071,0.33891,-0.02811,-0.00164,5.1e-4,-3e-5,NA,NA,NA,NA,NA,NA,NA,NA,NA,NA,NA,NA,NA,NA,NA,NA,NA,NA,NA,NA,NA,NA,High,High,High,High,Low,NA,NA,NA
56,2025-10-05,16:12:34,"Perry, Max",1000301360,Right,VIR_KEY,Undefined,Fastball,NA,NA,78.74637,-0.367212,-4.337032,1858.763759,221.390829,01:30:00,6.13863,2.32206,5.34858,-33.43273,13.08658,10.12422,3.00715,-0.91003,71.58287,-6.542795,-2.545355,0.490894,-6.33599,7.14764,-1.93827,50,6.08201,8.22678,-113.88657,-1.80379,-8.26874,22.15283,-22.84607,18be0052-2330-4a3a-8c1d-b016aaacadc4,NA,NA,NA,NA,NA,10323566,"Jenkins, Gabe",NA,NA,NA,Right,NA,NA,NA,NA,NA,NA,NA,NA,NA,NA,NA,NA,NA,NA,NA,NA,1,1,VIR_KEY,3,Top,0,0,0,Changeup,StrikeCalled,Undefined,Undefined,Undefined,0,0,NA,VIR_KEY,VIR_KEY,GrayMinorStadium,TeamExclusive,Team,20251005-GrayMinorStadium-Private-2,a1d28cc0-a227-11f0-abbe-534ebe2a5eb0,76.78318,NA,NA,7.1635,NA,NA,NA,99557737-5fc5-48bd-a8f0-1ce0e5d8ac26,2025-10-05,20:12:34,2025-10-05T20:12:34Z,2025-10-05T20:12:34Z,NA,v3,471480,471480,NA,"Cardone, Benjamin",10082688,Right,VIR_KEY,55.14737,-114.88346,11.07641,6.14005,-0.77571,-11.42304,-2.31685,8.59887,-4.13437,NA,NA,NA,NA,NA,NA,NA,NA,NA,NA,NA,NA,NA,NA,NA,NA,NA,NA,NA,NA,NA,NA,NA,NA,NA,NA,NA,NA,NA,NA,NA,NA,NA,NA,NA,NA,NA,NA,NA,NA,NA,NA,NA,NA,NA,NA,NA,NA,NA,NA,High,High,High,NA,NA,NA,NA,NA
57,2025-10-05,16:12:51,"Perry, Max",1000301360,Right,VIR_KEY,Undefined,Fastball,NA,NA,80.41914,-3.465489,-4.643928,1919.690901,250.120281,02:15:00,6.20303,2.03206,5.11589,-38.66293,6.28544,13.28146,-0.29821,-1.24547,74.024,-10.440815,-2.298205,0.482535,-8.01402,4.50299,-1.60524,50,5.84532,8.89939,-116.14478,-8.40859,-10.92494,22.15922,-26.03542,ffaed402-3b16-4e13-abf2-4f43226d1912,NA,NA,NA,NA,NA,10323566,"Jenkins, Gabe",NA,NA,NA,Right,NA,NA,NA,NA,NA,NA,NA,NA,NA,NA,NA,NA,NA,NA,NA,NA,1,2,VIR_KEY,3,Top,0,0,1,Changeup,BallCalled,Undefined,Undefined,Undefined,0,0,NA,VIR_KEY,VIR_KEY,GrayMinorStadium,TeamExclusive,Team,20251005-GrayMinorStadium-Private-2,abe59720-a227-11f0-abbe-534ebe2a5eb0,78.11344,NA,NA,6.39514,NA,NA,NA,99557737-5fc5-48bd-a8f0-1ce0e5d8ac26,2025-10-05,20:12:51,2025-10-05T20:12:51Z,2025-10-05T20:12:51Z,NA,v3,471480,471480,NA,"Cardone, Benjamin",10082688,Right,VIR_KEY,55.38471,-117.16762,11.07961,6.20571,-7.20683,-13.01771,-2.02766,9.40367,-5.46247,NA,NA,NA,NA,NA,NA,NA,NA,NA,NA,NA,NA,NA,NA,NA,NA,NA,NA,NA,NA,NA,NA,NA,NA,NA,NA,NA,NA,NA,NA,NA,NA,NA,NA,NA,NA,NA,NA,NA,NA,NA,NA,NA,NA,NA,NA,NA,NA,NA,NA,High,High,High,NA,NA,NA,NA,NA
58,2025-10-05,16:13:06,"Perry, Max",1000301360,Right,VIR_KEY,Undefined,Fastball,NA,NA,78.63722,-0.116673,-4.175264,1863.619506,248.219647,02:15:00,6.21821,2.17403,5.13425,-40.51262,6.21926,11.77292,2.73199,-0.78374,71.99897,-7.495624,-2.097704,0.492015,-7.02063,3.58709,-1.79134,50,6.17607,7.82788,-113.82386,-1.62897,-9.20406,21.02805,-27.47138,ccc87b8f-7f4c-4218-8748-7a83c5036cd3,NA,NA,NA,NA,NA,10323566,"Jenkins, Gabe",NA,NA,NA,Right,NA,NA,NA,NA,NA,NA,NA,NA,NA,NA,NA,NA,NA,NA,NA,NA,1,3,VIR_KEY,3,Top,0,1,1,Changeup,StrikeCalled,Undefined,Undefined,Undefined,0,0,NA,VIR_KEY,VIR_KEY,GrayMinorStadium,TeamExclusive,Team,20251005-GrayMinorStadium-Private-2,b50d7e30-a227-11f0-abbe-534ebe2a5eb0,76.60838,NA,NA,6.63826,NA,NA,NA,99557737-5fc5-48bd-a8f0-1ce0e5d8ac26,2025-10-05,20:13:06,2025-10-05T20:13:06Z,2025-10-05T20:13:06Z,NA,v3,471480,471480,NA,"Cardone, Benjamin",10082688,Right,VIR_KEY,55.36414,-114.81057,10.51403,6.22226,-0.33992,-13.73569,-2.16878,8.25976,-4.60203,NA,NA,NA,NA,NA,NA,NA,NA,NA,NA,NA,NA,NA,NA,NA,NA,NA,NA,NA,NA,NA,NA,NA,NA,NA,NA,NA,NA,NA,NA,NA,NA,NA,NA,NA,NA,NA,NA,NA,NA,NA,NA,NA,NA,NA,NA,NA,NA,NA,NA,High,High,High,NA,NA,NA,NA,NA
59,2025-10-05,16:13:23,"Perry, Max",1000301360,Right,VIR_KEY,Undefined,Curveball,NA,NA,70.24803,3.434681,-2.267357,1843.407435,24.911756,06:45:00,6.04542,3.02315,4.75102,-59.70865,0.08803,-0.89315,4.3336,0.79724,63.86486,-7.36191,-2.423963,0.556557,-0.24295,-0.32709,-2.79443,50,6.33884,4.05541,-101.5483,4.11854,-0.2519,17.73221,-32.51317,c7e2839a-8b07-4088-87a1-e2016b0d6604,NA,NA,NA,NA,NA,10323566,"Jenkins, Gabe",NA,NA,NA,Right,NA,NA,NA,NA,NA,NA,NA,NA,NA,NA,NA,NA,NA,NA,NA,NA,1,4,VIR_KEY,3,Top,0,1,2,Curveball,BallCalled,Undefined,Undefined,Undefined,0,0,NA,VIR_KEY,VIR_KEY,GrayMinorStadium,TeamExclusive,Team,20251005-GrayMinorStadium-Private-2,bf16c490-a227-11f0-abbe-534ebe2a5eb0,67.72428,NA,NA,6.38317,NA,NA,NA,99557737-5fc5-48bd-a8f0-1ce0e5d8ac26,2025-10-05,20:13:23,2025-10-05T20:13:23Z,2025-10-05T20:13:23Z,NA,v3,471480,471480,NA,"Cardone, Benjamin",10082688,Right,VIR_KEY,55.74605,-102.54676,8.86611,6.05539,5.94928,-16.25658,-3.02318,4.06959,-0.12595,NA,NA,NA,NA,NA,NA,NA,NA,NA,NA,NA,NA,NA,NA,NA,NA,NA,NA,NA,NA,NA,NA,NA,NA,NA,NA,NA,NA,NA,NA,NA,NA,NA,NA,NA,NA,NA,NA,NA,NA,NA,NA,NA,NA,NA,NA,NA,NA,NA,NA,High,High,High,NA,NA,NA,NA,NA
60,2025-10-05,16:13:40,"Perry, Max",1000301360,Right,VIR_KEY,Undefined,Fastball,NA,NA,79.10961,1.261207,-2.594918,1850.457784,213.708628,01:00:00,6.21002,2.08146,5.46935,-31.53466,14.1454,8.42209,4.76385,0.35317,71.8325,-4.607001,-1.097858,0.486446,-4.98028,7.20402,-1.85902,50,6.29987,4.8566,-114.62978,1.54183,-6.59249,22.20682,-22.63795,8cee3e76-2166-4b25-b68f-48da027e6f4c,NA,NA,NA,NA,NA,10323566,"Jenkins, Gabe",NA,NA,NA,Right,NA,NA,NA,NA,NA,NA,NA,NA,NA,NA,NA,NA,NA,NA,NA,NA,1,5,VIR_KEY,3,Top,0,2,2,Changeup,BallCalled,Undefined,Undefined,Undefined,0,0,NA,VIR_KEY,VIR_KEY,GrayMinorStadium,TeamExclusive,Team,20251005-GrayMinorStadium-Private-2,c8d96500-a227-11f0-abbe-534ebe2a5eb0,77.48534,NA,NA,7.27711,NA,NA,NA,99557737-5fc5-48bd-a8f0-1ce0e5d8ac26,2025-10-05,20:13:40,2025-10-05T20:13:40Z,2025-10-05T20:13:40Z,NA,v3,471480,471480,NA,"Cardone, Benjamin",10082688,Right,VIR_KEY,55.02662,-115.59947,11.10341,6.21096,2.53034,-11.31898,-2.07737,5.14447,-3.29625,NA,NA,NA,NA,NA,NA,NA,NA,NA,NA,NA,NA,NA,NA,NA,NA,NA,NA,NA,NA,NA,NA,NA,NA,NA,NA,NA,NA,NA,NA,NA,NA,NA,NA,NA,NA,NA,NA,NA,NA,NA,NA,NA,NA,NA,NA,NA,NA,NA,NA,High,High,High,NA,NA,NA,NA,NA
61,2025-10-05,16:13:58,"Perry, Max",1000301360,Right,VIR_KEY,Undefined,Fastball,NA,NA,79.25589,-1.861119,-6.058797,1833.735319,234.033857,01:45:00,6.07607,2.54601,5.19992,-35.86529,10.18902,12.00272,1.32636,-2.17376,72.85423,-8.386261,-3.948102,0.488435,-7.59701,6.04847,-1.99208,50,5.87582,11.64704,-114.3611,-4.94936,-10.09323,20.45629,-24.13817,b9f6408e-fe3b-4763-b27f-33bb8d0f8ed8,NA,NA,NA,NA,NA,10323566,"Jenkins, Gabe",NA,NA,NA,Right,NA,NA,NA,NA,NA,NA,NA,NA,NA,NA,NA,NA,NA,NA,NA,NA,1,6,VIR_KEY,3,Top,0,3,2,Changeup,BallCalled,Walk,Undefined,Undefined,0,0,NA,VIR_KEY,VIR_KEY,GrayMinorStadium,TeamExclusive,Team,20251005-GrayMinorStadium-Private-2,d3b11ef0-a227-11f0-abbe-534ebe2a5eb0,77.16985,NA,NA,6.40166,NA,NA,NA,99557737-5fc5-48bd-a8f0-1ce0e5d8ac26,2025-10-05,20:13:58,2025-10-05T20:13:58Z,2025-10-05T20:13:58Z,NA,v3,471480,471480,NA,"Cardone, Benjamin",10082688,Right,VIR_KEY,55.29793,-115.30487,10.22815,6.07848,-3.83572,-12.06909,-2.54017,12.1127,-5.04662,NA,NA,NA,NA,NA,NA,NA,NA,NA,NA,NA,NA,NA,NA,NA,NA,NA,NA,NA,NA,NA,NA,NA,NA,NA,NA,NA,NA,NA,NA,NA,NA,NA,NA,NA,NA,NA,NA,NA,NA,NA,NA,NA,NA,NA,NA,NA,NA,NA,NA,High,High,High,NA,NA,NA,NA,NA
62,2025-10-05,16:14:27,"Perry, Max",1000301360,Right,VIR_KEY,Undefined,Fastball,NA,NA,77.94341,-4.182797,-6.821105,2004.762721,237.185452,02:00:00,6.30662,1.98735,5.26359,-36.67061,10.96146,14.67087,-0.71384,-3.2286,72.24419,-10.79667,-4.240704,0.496731,-9.24489,6.9876,-1.37187,50,5.89322,12.86552,-112.17336,-9.45741,-11.85623,19.05072,-23.2127,9a926b7e-78b8-4443-babb-c76fd2e43bff,NA,NA,NA,NA,NA,10122989,"Conrad, Thomas",NA,NA,NA,Right,NA,NA,NA,NA,NA,NA,NA,NA,NA,NA,NA,NA,NA,NA,NA,NA,2,1,VIR_KEY,3,Top,0,0,0,Changeup,BallCalled,Undefined,Undefined,Undefined,0,0,NA,VIR_KEY,VIR_KEY,GrayMinorStadium,TeamExclusive,Team,20251005-GrayMinorStadium-Private-2,e5680870-a227-11f0-abbe-534ebe2a5eb0,75.88098,NA,NA,5.69922,NA,NA,NA,99557737-5fc5-48bd-a8f0-1ce0e5d8ac26,2025-10-05,20:14:27,2025-10-05T20:14:27Z,2025-10-05T20:14:27Z,NA,v3,471480,471480,NA,"Cardone, Benjamin",10082688,Right,VIR_KEY,55.23813,-113.05946,9.52536,6.308,-8.37771,-11.60635,-1.98311,13.41699,-5.92812,NA,NA,NA,NA,NA,NA,NA,NA,NA,NA,NA,NA,NA,NA,NA,NA,NA,NA,NA,NA,NA,NA,NA,NA,NA,NA,NA,NA,NA,NA,NA,NA,NA,NA,NA,NA,NA,NA,NA,NA,NA,NA,NA,NA,NA,NA,NA,NA,NA,NA,High,High,High,NA,NA,NA,NA,NA
63,2025-10-05,16:15:29,"Perry, Max",1000301360,Right,VIR_KEY,Undefined,Fastball,NA,NA,80.24188,0.144109,-4.068799,1846.914617,242.659339,02:00:00,6.16074,2.14808,5.35435,-36.68289,7.80977,12.32095,3.23934,-0.64759,73.34936,-6.586241,-1.885992,0.480082,-7.29721,4.32075,-1.7906,50,6.14777,7.76057,-116.19456,-0.94681,-9.97037,21.89168,-26.27049,c0bf7bd2-6680-48bf-b904-d6c3a1fb9486,NA,NA,NA,NA,NA,10122989,"Conrad, Thomas",NA,NA,NA,Right,NA,NA,NA,NA,NA,NA,NA,NA,NA,NA,NA,NA,NA,NA,NA,NA,2,2,VIR_KEY,3,Top,0,1,0,Changeup,StrikeCalled,Undefined,Undefined,Undefined,1,0,NA,VIR_KEY,VIR_KEY,GrayMinorStadium,TeamExclusive,Team,20251005-GrayMinorStadium-Private-2,0a323720-a228-11f0-abbe-534ebe2a5eb0,78.51248,NA,NA,6.89252,NA,NA,NA,99557737-5fc5-48bd-a8f0-1ce0e5d8ac26,2025-10-05,20:15:29,2025-10-05T20:15:29Z,2025-10-05T20:15:29Z,NA,v3,471480,471480,NA,"Cardone, Benjamin",10082688,Right,VIR_KEY,55.14361,-117.15963,10.94584,6.16398,0.2113,-13.13525,-2.1424,8.20011,-4.98519,NA,NA,NA,NA,NA,NA,NA,NA,NA,NA,NA,NA,NA,NA,NA,NA,NA,NA,NA,NA,NA,NA,NA,NA,NA,NA,NA,NA,NA,NA,NA,NA,NA,NA,NA,NA,NA,NA,NA,NA,NA,NA,NA,NA,NA,NA,NA,NA,NA,NA,High,High,High,NA,NA,NA,NA,NA
64,2025-10-05,16:15:45,"Perry, Max",1000301360,Right,VIR_KEY,Undefined,Fastball,NA,NA,80.87041,-3.986207,-5.992887,2065.368517,237.438291,02:00:00,6.17096,1.95539,5.38815,-32.95919,10.92989,14.95989,-0.33841,-2.43551,74.80024,-9.971516,-3.349221,0.476815,-9.17607,6.93201,-1.4293,50,5.78901,11.65859,-116.61398,-9.26361,-12.71532,20.6347,-22.56831,dd0314b6-1980-4efb-8484-5261c3125bc7,NA,NA,NA,NA,NA,10122989,"Conrad, Thomas",NA,NA,NA,Right,NA,NA,NA,NA,NA,NA,NA,NA,NA,NA,NA,NA,NA,NA,NA,NA,2,3,VIR_KEY,3,Top,1,1,1,Changeup,BallCalled,Undefined,Undefined,Undefined,0,0,NA,VIR_KEY,VIR_KEY,GrayMinorStadium,TeamExclusive,Team,20251005-GrayMinorStadium-Private-2,139886c0-a228-11f0-abbe-534ebe2a5eb0,79.05051,NA,NA,6.07017,NA,NA,NA,99557737-5fc5-48bd-a8f0-1ce0e5d8ac26,2025-10-05,20:15:45,2025-10-05T20:15:45Z,2025-10-05T20:15:45Z,NA,v3,471480,471480,NA,"Cardone, Benjamin",10082688,Right,VIR_KEY,55.11307,-117.51525,10.31735,6.17209,-8.27789,-11.28416,-1.95065,12.21396,-6.35766,NA,NA,NA,NA,NA,NA,NA,NA,NA,NA,NA,NA,NA,NA,NA,NA,NA,NA,NA,NA,NA,NA,NA,NA,NA,NA,NA,NA,NA,NA,NA,NA,NA,NA,NA,NA,NA,NA,NA,NA,NA,NA,NA,NA,NA,NA,NA,NA,NA,NA,High,High,High,NA,NA,NA,NA,NA
65,2025-10-05,16:16:11,"Perry, Max",1000301360,Right,VIR_KEY,Undefined,Fastball,NA,NA,79.34936,-1.662252,-3.565656,2002.005089,238.780218,02:00:00,6.07671,2.39946,5.46425,-34.48596,10.38851,14.93572,1.64365,0.30253,73.41537,-7.974,-0.909189,0.482138,-8.50347,6.0524,-2.09605,50,5.90638,6.59814,-115.08444,-4.46497,-11.50002,19.67894,-23.98881,7e633405-eeb2-4d9a-9217-f7c818d592cc,NA,NA,NA,NA,-8.868374,10122989,"Conrad, Thomas",946.0679,NA,101.42504,Right,2.288943,NA,NA,NA,62.24828,60.97483,0.429606,-9.581317,1.94599,1.78361,-0.29387,NA,NA,NA,NA,NA,2,4,VIR_KEY,3,Top,1,2,1,Changeup,InPlay,Undefined,GroundBall,Single,0,0,NA,VIR_KEY,VIR_KEY,GrayMinorStadium,TeamExclusive,Team,20251005-GrayMinorStadium-Private-2,23385010-a228-11f0-abbe-534ebe2a5eb0,78.17775,2.14258,NA,5.93399,NA,NA,NA,99557737-5fc5-48bd-a8f0-1ce0e5d8ac26,2025-10-05,20:16:11,2025-10-05T20:16:11Z,2025-10-05T20:16:11Z,GroundBall,v3,471480,471480,NA,"Cardone, Benjamin",10082688,Right,VIR_KEY,55.03671,-115.9425,9.83947,6.07826,-3.419,-11.9944,-2.39469,7.09957,-5.75001,30.818665,1.95534,146.56981,-19.24341,NA,NA,NA,NA,NA,NA,1.79541,5.57303,-22.76126,NA,NA,NA,NA,NA,NA,-0.29126,-22.99643,-1.04484,NA,NA,NA,NA,NA,NA,NA,NA,NA,NA,NA,NA,NA,NA,NA,NA,NA,NA,NA,NA,NA,NA,NA,NA,NA,NA,NA,NA,High,High,High,High,High,NA,NA,NA
66,2025-10-05,16:16:52,"Perry, Max",1000301360,Right,VIR_KEY,Undefined,Fastball,NA,NA,77.86937,-2.657799,-6.401608,1826.175375,237.782267,02:00:00,6.15609,2.1,5.29749,-37.09785,10.40701,14.13438,0.55185,-2.75746,71.89866,-9.392049,-3.912439,0.496067,-8.73898,6.37843,-1.52617,50,5.88584,12.04105,-112.28892,-6.46229,-11.22525,19.18004,-23.98095,9927b0af-6ca0-47eb-a92b-63f2a4fd964f,NA,NA,NA,NA,NA,1000462373,"Smith, Kealo",NA,NA,NA,Right,NA,NA,NA,NA,NA,NA,NA,NA,NA,NA,NA,NA,NA,NA,NA,NA,3,1,VIR_KEY,3,Top,1,0,0,Changeup,BallCalled,Undefined,Undefined,Undefined,0,0,NA,VIR_KEY,VIR_KEY,GrayMinorStadium,TeamExclusive,Team,20251005-GrayMinorStadium-Private-2,3ba29e30-a228-11f0-abbe-534ebe2a5eb0,75.98254,NA,NA,5.97071,NA,NA,NA,99557737-5fc5-48bd-a8f0-1ce0e5d8ac26,2025-10-05,20:16:52,2025-10-05T20:16:52Z,2025-10-05T20:16:52Z,NA,v3,471480,471480,NA,"Cardone, Benjamin",10082688,Right,VIR_KEY,55.20134,-113.17387,9.59002,6.15848,-5.35583,-11.99048,-2.09368,12.55897,-5.61263,NA,NA,NA,NA,NA,NA,NA,NA,NA,NA,NA,NA,NA,NA,NA,NA,NA,NA,NA,NA,NA,NA,NA,NA,NA,NA,NA,NA,NA,NA,NA,NA,NA,NA,NA,NA,NA,NA,NA,NA,NA,NA,NA,NA,NA,NA,NA,NA,NA,NA,High,High,High,NA,NA,NA,NA,NA
67,2025-10-05,16:17:16,"Perry, Max",1000301360,Right,VIR_KEY,Undefined,Fastball,NA,NA,79.38658,-1.935566,-7.571539,1987.270316,262.080272,02:45:00,6.00984,2.43878,5.25135,-42.02333,3.9761,18.03021,0.67242,-3.2151,73.13893,-9.525432,-4.409471,0.488144,-10.98926,2.97252,-1.75401,50,5.79954,14.45583,-114.26321,-5.34963,-14.59814,20.10916,-28.22535,7a970741-9d5f-43bb-a549-e84bfae8507c,NA,NA,NA,NA,NA,1000462373,"Smith, Kealo",NA,NA,NA,Right,NA,NA,NA,NA,NA,NA,NA,NA,NA,NA,NA,NA,NA,NA,NA,NA,3,2,VIR_KEY,3,Top,1,1,0,Changeup,StrikeSwinging,Undefined,Undefined,Undefined,0,0,NA,VIR_KEY,VIR_KEY,GrayMinorStadium,TeamExclusive,Team,20251005-GrayMinorStadium-Private-2,49b69760-a228-11f0-abbe-534ebe2a5eb0,77.2159,NA,NA,6.24765,NA,NA,NA,99557737-5fc5-48bd-a8f0-1ce0e5d8ac26,2025-10-05,20:17:16,2025-10-05T20:17:16Z,2025-10-05T20:17:16Z,NA,v3,471480,471480,NA,"Cardone, Benjamin",10082688,Right,VIR_KEY,55.24877,-115.18324,10.05458,6.01476,-4.05827,-14.11267,-2.43066,15.12372,-7.29907,NA,NA,NA,NA,NA,NA,NA,NA,NA,NA,NA,NA,NA,NA,NA,NA,NA,NA,NA,NA,NA,NA,NA,NA,NA,NA,NA,NA,NA,NA,NA,NA,NA,NA,NA,NA,NA,NA,NA,NA,NA,NA,NA,NA,NA,NA,NA,NA,NA,NA,High,High,High,NA,NA,NA,NA,NA
68,2025-10-05,16:18:06,"Perry, Max",1000301360,Right,VIR_KEY,Undefined,Fastball,NA,NA,78.74403,-2.215709,-7.389418,1954.744827,256.231481,02:30:00,6.09333,2.23436,5.4065,-40.41455,6.16099,18.89509,0.63101,-3.15324,72.36946,-9.555172,-4.063508,0.491191,-11.46501,4.19394,-1.58637,50,5.86622,13.94792,-113.35184,-5.76791,-14.94851,20.30479,-26.70582,88eb0237-8dbb-45ec-822a-e478047acc36,NA,NA,NA,NA,NA,1000462373,"Smith, Kealo",NA,NA,NA,Right,NA,NA,NA,NA,NA,NA,NA,NA,NA,NA,NA,NA,NA,NA,NA,NA,3,3,VIR_KEY,3,Top,1,1,1,Changeup,BallCalled,Undefined,Undefined,Undefined,0,0,NA,VIR_KEY,VIR_KEY,GrayMinorStadium,TeamExclusive,Team,20251005-GrayMinorStadium-Private-2,679d9ee0-a228-11f0-abbe-534ebe2a5eb0,76.73684,NA,NA,6.37457,NA,NA,NA,99557737-5fc5-48bd-a8f0-1ce0e5d8ac26,2025-10-05,20:18:06,2025-10-05T20:18:06Z,2025-10-05T20:18:06Z,NA,v3,471480,471480,NA,"Cardone, Benjamin",10082688,Right,VIR_KEY,55.09291,-114.26049,10.1524,6.0976,-4.57281,-13.35291,-2.22552,14.61687,-7.47426,NA,NA,NA,NA,NA,NA,NA,NA,NA,NA,NA,NA,NA,NA,NA,NA,NA,NA,NA,NA,NA,NA,NA,NA,NA,NA,NA,NA,NA,NA,NA,NA,NA,NA,NA,NA,NA,NA,NA,NA,NA,NA,NA,NA,NA,NA,NA,NA,NA,NA,High,High,High,NA,NA,NA,NA,NA
69,2025-10-05,16:18:35,"Perry, Max",1000301360,Right,VIR_KEY,Undefined,Fastball,NA,NA,79.23833,-2.058785,-4.510959,1844.946256,248.181615,02:15:00,6.00089,2.42448,5.30385,-37.13037,8.51441,17.64308,0.96718,-0.34868,72.97078,-8.823551,-1.385707,0.486258,-10.09182,5.24925,-2.02747,50,5.7863,8.34668,-114.67292,-5.37919,-13.47669,20.6347,-25.164180000000002,18bf5570-ff13-466d-8d12-69dbe6e284f5,NA,NA,NA,NA,NA,1000462373,"Smith, Kealo",NA,NA,NA,Right,NA,NA,NA,NA,NA,NA,NA,NA,NA,NA,NA,NA,NA,NA,NA,NA,3,4,VIR_KEY,3,Top,1,2,1,Changeup,FoulBallNotFieldable,Undefined,Undefined,Undefined,0,0,NA,VIR_KEY,VIR_KEY,GrayMinorStadium,TeamExclusive,Team,20251005-GrayMinorStadium-Private-2,796689c0-a228-11f0-abbe-534ebe2a5eb0,77.51525,NA,NA,6.26755,NA,NA,NA,99557737-5fc5-48bd-a8f0-1ce0e5d8ac26,2025-10-05,20:18:35,2025-10-05T20:18:35Z,2025-10-05T20:18:35Z,NA,v3,471480,471480,NA,"Cardone, Benjamin",10082688,Right,VIR_KEY,55.19634,-115.60419,10.31735,6.00344,-4.2435,-12.582090000000001,-2.41789,8.9549,-6.73835,NA,NA,NA,NA,NA,NA,NA,NA,NA,NA,NA,NA,NA,NA,NA,NA,NA,NA,NA,NA,NA,NA,NA,NA,NA,NA,NA,NA,NA,NA,NA,NA,NA,NA,NA,NA,NA,NA,NA,NA,NA,NA,NA,NA,NA,NA,NA,NA,NA,NA,High,High,High,NA,NA,NA,NA,NA
70,2025-10-05,16:19:02,"Perry, Max",1000301360,Right,VIR_KEY,Undefined,Fastball,NA,NA,80.78746,-1.79018,-4.563645,1846.338235,250.113925,02:15:00,6.05939,2.37904,5.42121,-35.38864,8.51871,19.51792,1.4276,-0.27829,73.95604,-8.27592,-1.099557,0.476914,-11.11461,5.22874,-1.98718,50,5.87545,8.53969,-116.887,-4.85011,-15.34683,22.43254,-24.95432,9d64992c-9bb7-4132-9f28-85f8395b27b8,NA,NA,NA,NA,NA,1000462373,"Smith, Kealo",NA,NA,NA,Right,NA,NA,NA,NA,NA,NA,NA,NA,NA,NA,NA,NA,NA,NA,NA,NA,3,5,VIR_KEY,3,Top,1,2,2,Changeup,StrikeSwinging,Strikeout,Undefined,Undefined,0,0,NA,VIR_KEY,VIR_KEY,GrayMinorStadium,TeamExclusive,Team,20251005-GrayMinorStadium-Private-2,8910b350-a228-11f0-abbe-534ebe2a5eb0,79.03402,NA,NA,6.83142,NA,NA,NA,99557737-5fc5-48bd-a8f0-1ce0e5d8ac26,2025-10-05,20:19:02,2025-10-05T20:19:02Z,2025-10-05T20:19:02Z,NA,v3,471480,471480,NA,"Cardone, Benjamin",10082688,Right,VIR_KEY,55.07827,-117.85757,11.21627,6.06194,-3.77043,-12.47716,-2.37103,9.20369,-7.67342,NA,NA,NA,NA,NA,NA,NA,NA,NA,NA,NA,NA,NA,NA,NA,NA,NA,NA,NA,NA,NA,NA,NA,NA,NA,NA,NA,NA,NA,NA,NA,NA,NA,NA,NA,NA,NA,NA,NA,NA,NA,NA,NA,NA,NA,NA,NA,NA,NA,NA,High,High,High,NA,NA,NA,NA,NA
71,2025-10-05,16:19:30,"Perry, Max",1000301360,Right,VIR_KEY,Undefined,Fastball,NA,NA,79.31213,-2.533761,-5.163398,1937.581942,249.643955,02:15:00,5.9067,2.73093,5.53755,-37.1125,8.44646,18.59155,0.43457,-0.55894,72.62203,-9.329603,-1.859516,0.485801,-10.90107,5.46051,-2.29468,50,5.66134,9.6291,-114.59297,-6.2914,-14.43876,21.94559,-24.94146,1bf84ade-0aa5-4fa1-a331-499576458260,NA,NA,NA,NA,NA,1000301360,"Perry, Max",NA,NA,NA,Right,NA,NA,NA,NA,NA,NA,NA,NA,NA,NA,NA,NA,NA,NA,NA,NA,4,1,VIR_KEY,3,Top,2,0,0,Changeup,BallCalled,Undefined,Undefined,Undefined,0,0,NA,VIR_KEY,VIR_KEY,GrayMinorStadium,TeamExclusive,Team,20251005-GrayMinorStadium-Private-2,998f9200-a228-11f0-abbe-534ebe2a5eb0,77.58823,NA,NA,6.6901,NA,NA,NA,99557737-5fc5-48bd-a8f0-1ce0e5d8ac26,2025-10-05,20:19:30,2025-10-05T20:19:30Z,2025-10-05T20:19:30Z,NA,v3,471480,471480,NA,"Cardone, Benjamin",10082688,Right,VIR_KEY,54.96177,-115.53928,10.9728,5.90944,-5.2159,-12.47073,-2.72331,10.25171,-7.21938,NA,NA,NA,NA,NA,NA,NA,NA,NA,NA,NA,NA,NA,NA,NA,NA,NA,NA,NA,NA,NA,NA,NA,NA,NA,NA,NA,NA,NA,NA,NA,NA,NA,NA,NA,NA,NA,NA,NA,NA,NA,NA,NA,NA,NA,NA,NA,NA,NA,NA,High,High,High,NA,NA,NA,NA,NA
72,2025-10-05,16:19:51,"Perry, Max",1000301360,Right,VIR_KEY,Undefined,Fastball,NA,NA,79.21916,-0.979466,-4.579089,1819.802989,238.892829,02:00:00,6.22877,2.33066,5.31203,-35.49356,10.24489,14.51977,2.34862,-0.76648,72.59094,-7.483439,-2.010219,0.486757,-8.62961,5.81807,-1.92587,50,6.11399,8.6143,-114.65774,-3.13607,-11.48605,21.22908,-24.43017,460db1c9-0c47-49ec-90e5-aaaca274da07,NA,NA,NA,NA,NA,1000301360,"Perry, Max",NA,NA,NA,Right,NA,NA,NA,NA,NA,NA,NA,NA,NA,NA,NA,NA,NA,NA,NA,NA,4,2,VIR_KEY,3,Top,2,1,0,Changeup,FoulBallNotFieldable,Undefined,Undefined,Undefined,0,0,NA,VIR_KEY,VIR_KEY,GrayMinorStadium,TeamExclusive,Team,20251005-GrayMinorStadium-Private-2,a6b05190-a228-11f0-abbe-534ebe2a5eb0,77.43587,NA,NA,6.62823,NA,NA,NA,99557737-5fc5-48bd-a8f0-1ce0e5d8ac26,2025-10-05,20:19:51,2025-10-05T20:19:51Z,2025-10-05T20:19:51Z,NA,v3,471480,471480,NA,"Cardone, Benjamin",10082688,Right,VIR_KEY,55.18821,-115.61435,10.61454,6.23051,-2.03521,-12.21509,-2.32571,9.13188,-5.74303,NA,NA,NA,NA,NA,NA,NA,NA,NA,NA,NA,NA,NA,NA,NA,NA,NA,NA,NA,NA,NA,NA,NA,NA,NA,NA,NA,NA,NA,NA,NA,NA,NA,NA,NA,NA,NA,NA,NA,NA,NA,NA,NA,NA,NA,NA,NA,NA,NA,NA,High,High,High,NA,NA,NA,NA,NA
73,2025-10-05,16:20:23,"Perry, Max",1000301360,Right,VIR_KEY,Undefined,Fastball,NA,NA,80.10353,-1.363312,-4.796399,1954.827152,240.760547,02:00:00,6.24872,2.12113,5.31014,-32.84388,12.22304,19.02977,2.22734,-0.80567,72.85915,-7.415463,-1.429981,0.48317,-11.00851,6.97477,-1.69971,50,6.1011,8.94868,-115.80061,-3.84398,-14.84703,22.99127,-22.76727,e4b88961-dcf9-4431-8a89-cf03c5d01882,NA,NA,NA,NA,NA,1000301360,"Perry, Max",NA,NA,NA,Right,NA,NA,NA,NA,NA,NA,NA,NA,NA,NA,NA,NA,NA,NA,NA,NA,4,3,VIR_KEY,3,Top,2,1,1,Changeup,FoulBallNotFieldable,Undefined,Undefined,Undefined,0,0,NA,VIR_KEY,VIR_KEY,GrayMinorStadium,TeamExclusive,Team,20251005-GrayMinorStadium-Private-2,b93eaf50-a228-11f0-abbe-534ebe2a5eb0,78.01067,NA,NA,7.24438,NA,NA,NA,99557737-5fc5-48bd-a8f0-1ce0e5d8ac26,2025-10-05,20:20:23,2025-10-05T20:20:23Z,2025-10-05T20:20:23Z,NA,v3,471480,471480,NA,"Cardone, Benjamin",10082688,Right,VIR_KEY,55.18894,-116.82629,11.49563,6.24993,-2.82829,-11.38364,-2.1137,9.61103,-7.42351,NA,NA,NA,NA,NA,NA,NA,NA,NA,NA,NA,NA,NA,NA,NA,NA,NA,NA,NA,NA,NA,NA,NA,NA,NA,NA,NA,NA,NA,NA,NA,NA,NA,NA,NA,NA,NA,NA,NA,NA,NA,NA,NA,NA,NA,NA,NA,NA,NA,NA,High,High,High,NA,NA,NA,NA,NA
74,2025-10-05,16:20:54,"Perry, Max",1000301360,Right,VIR_KEY,Undefined,Fastball,NA,NA,81.07519,-1.098722,-4.408653,2013.391609,250.710379,02:15:00,6.19476,2.01857,5.29889,-36.15053,7.46071,17.33485,2.14752,-0.68403,74.39961,-7.703618,-1.339494,0.475303,-9.94878,4.43099,-1.63044,50,6.06823,8.34859,-117.39124,-3.49841,-13.90142,21.94484,-25.98264,3cdefec8-1942-4302-a1ef-75f721e201db,NA,NA,NA,NA,-39.685685,1000301360,"Perry, Max",NA,NA,32.46576,Right,-51.544248,NA,NA,NA,2.05671,1.96236,0.03617,-0.445295,1.22459,1.36141,0.67445,NA,NA,NA,NA,NA,4,4,VIR_KEY,3,Top,2,1,2,Changeup,InPlay,Undefined,GroundBall,Out,1,0,NA,VIR_KEY,VIR_KEY,GrayMinorStadium,TeamExclusive,Team,20251005-GrayMinorStadium-Private-2,cbeb9190-a228-11f0-abbe-534ebe2a5eb0,79.30193,1.36141,NA,6.67559,NA,NA,NA,99557737-5fc5-48bd-a8f0-1ce0e5d8ac26,2025-10-05,20:20:54,2025-10-05T20:20:54Z,2025-10-05T20:20:54Z,GroundBall,v3,471480,471480,NA,"Cardone, Benjamin",10082688,Right,VIR_KEY,55.2016,-118.35962,10.97242,6.1973,-2.35185,-12.99132,-2.01238,8.96202,-6.95071,180,1.22334,23.0041,NA,NA,NA,NA,NA,NA,NA,1.36346,-37.63974,NA,NA,NA,NA,NA,NA,NA,0.67548,-19.08867,NA,NA,NA,NA,NA,NA,NA,NA,NA,NA,NA,NA,NA,NA,NA,NA,NA,NA,NA,NA,NA,NA,NA,NA,NA,NA,NA,NA,NA,High,High,High,Low,Low,NA,NA,NA
